Geography,Geography ID,Watch time (minutes),Views,Average view duration (minutes),Average percentage viewed,Watch time (hours),Subscriber views,Subscriber minutes watched,Card clicks,Card impressions,Card click rate,Card teaser clicks,Card teaser impressions,Card teaser click rate,Total estimated earnings (USD),YouTube Red earnings (USD),Ad earnings (USD),AdSense earnings (USD),DoubleClick earnings (USD),Transaction earnings (USD),Transactions,Earnings per transaction (USD),Estimated monetized playbacks,Playback-based CPM (USD),Impressions,Impression-based CPM (USD),Gross revenue (USD),YouTube Red watch time (minutes),YouTube Red views,YouTube Red watch time (hours),Clicks,Clickable impressions,Click through rate,Closes,Closable impressions,Close rate,Impressions,Likes,Likes added,Likes removed,Dislikes,Dislikes added,Dislikes removed,Shares,Comments,Favorites,Favorites added,Favorites removed,Videos in playlists,Videos added to playlists,Videos removed from playlists,Subscribers,Subscribers gained,Subscribers lost
Germany,DE,275832,186298,1.79,38.75,4597,8660,16515,23,79,29.11,50,3362,1.49,0.00,0.00,0.00,0.00,0.00,0.00,0,0.00,0,0.00,0,0.00,0.00,0,0,0,126,7507,1.69,787,7678,10.25,7679,827,872,45,58,70,12,43,528,29,39,10,430,681,251,473,651,178
United States,US,26713,30402,1.15,21.11,445,74,110,0,1,0.00,1,146,0.68,0.00,0.00,0.00,0.00,0.00,0.00,0,0.00,0,0.00,0,0.00,0.00,21,31,0,6,522,1.15,82,530,15.41,530,85,87,2,23,24,1,9,27,17,20,3,15,33,18,30,52,22
Austria,AT,22782,15514,1.81,38.62,380,686,1456,1,5,20.00,2,240,0.83,0.00,0.00,0.00,0.00,0.00,0.00,0,0.00,0,0.00,0,0.00,0.00,0,0,0,16,544,2.94,78,552,14.08,552,74,75,1,6,7,1,7,26,0,1,1,9,17,8,49,62,13
Switzerland,CH,14419,10955,1.66,36.66,240,433,784,12,32,37.50,19,243,7.82,0.00,0.00,0.00,0.00,0.00,0.00,0,0.00,0,0.00,0,0.00,0.00,0,0,0,4,393,1.01,46,397,11.47,397,37,37,0,3,3,0,4,16,1,2,1,7,12,5,29,39,10
Brazil,BR,11722,10249,1.47,26.60,195,62,131,1,1,100.00,1,179,0.56,0.00,0.00,0.00,0.00,0.00,0.00,0,0.00,0,0.00,0,0.00,0.00,0,0,0,1,199,0.50,60,211,28.44,211,30,31,1,2,2,0,5,11,6,6,0,9,17,8,20,20,0
Italy,IT,10349,9023,1.47,25.57,172,7,3,0,1,0.00,1,73,1.37,0.00,0.00,0.00,0.00,0.00,0.00,0,0.00,0,0.00,0,0.00,0.00,0,0,0,9,506,1.78,157,511,30.72,511,7,7,0,0,0,0,1,1,1,1,0,1,5,4,10,15,5
Spain,ES,9449,8477,1.35,24.02,157,4,8,0,0,0.00,0,29,0.00,0.00,0.00,0.00,0.00,0.00,0.00,0,0.00,0,0.00,0,0.00,0.00,0,0,0,8,905,0.88,276,904,30.50,906,18,19,1,9,9,0,2,5,0,0,0,0,4,4,5,7,2
France,FR,9161,8498,1.42,25.28,153,48,69,0,3,0.00,1,53,1.89,0.00,0.00,0.00,0.00,0.00,0.00,0,0.00,0,0.00,0,0.00,0.00,0,0,0,2,163,1.22,33,164,20.00,164,10,13,3,2,2,0,7,6,3,3,0,0,5,5,10,12,2
India,IN,7776,7261,1.31,25.21,130,12,6,0,0,0.00,0,82,0.00,0.00,0.00,0.00,0.00,0.00,0.00,0,0.00,0,0.00,0,0.00,0.00,0,0,0,4,181,2.20,37,186,19.79,186,13,13,0,1,1,0,2,2,1,1,0,1,2,1,6,9,3
United Kingdom,GB,7044,8020,1.14,21.16,117,13,26,0,0,0.00,0,59,0.00,0.00,0.00,0.00,0.00,0.00,0.00,0,0.00,0,0.00,0,0.00,0.00,0,0,0,1,186,0.54,40,190,21.05,190,19,19,0,4,4,0,1,7,3,6,3,7,10,3,6,14,8
Mexico,MX,6575,5710,1.54,27.00,110,7,9,0,0,0.00,0,53,0.00,0.00,0.00,0.00,0.00,0.00,0.00,0,0.00,0,0.00,0,0.00,0.00,0,0,0,1,117,0.83,47,120,37.90,120,5,5,0,5,5,0,1,7,0,0,0,5,7,2,6,8,2
Netherlands,NL,5099,4390,1.43,27.20,85,98,215,0,0,0.00,0,26,0.00,0.00,0.00,0.00,0.00,0.00,0.00,0,0.00,0,0.00,0,0.00,0.00,0,0,0,3,207,1.44,51,209,24.29,209,5,5,0,1,1,0,0,2,2,3,1,3,7,4,5,10,5
Poland,PL,4689,5610,1.19,21.53,78,72,133,0,0,0.00,0,53,0.00,0.00,0.00,0.00,0.00,0.00,0.00,0,0.00,0,0.00,0,0.00,0.00,0,0,0,0,88,0.00,18,93,19.35,95,14,14,0,5,5,0,0,8,0,1,1,1,4,3,8,8,0
Russia,RU,4669,5390,1.17,20.13,78,5,2,0,0,0.00,0,51,0.00,0.00,0.00,0.00,0.00,0.00,0.00,0,0.00,0,0.00,0,0.00,0.00,0,0,0,2,92,2.17,18,94,19.15,94,10,10,0,3,3,0,0,1,0,1,1,1,5,4,12,17,5
Japan,JP,3984,3398,1.39,22.72,66,9,18,0,0,0.00,0,10,0.00,0.00,0.00,0.00,0.00,0.00,0.00,0,0.00,0,0.00,0,0.00,0.00,0,0,0,1,76,1.32,12,76,15.79,76,6,6,0,0,0,0,1,3,0,0,0,4,5,1,4,7,3
Canada,CA,3855,4912,1.06,19.45,64,4,4,0,0,0.00,0,29,0.00,0.00,0.00,0.00,0.00,0.00,0.00,0,0.00,0,0.00,0,0.00,0.00,0,0,0,1,70,1.43,15,73,20.55,73,4,5,1,6,7,1,0,6,2,2,0,0,2,2,7,10,3
Argentina,AR,3219,2525,1.63,28.78,54,13,21,0,0,0.00,0,14,0.00,0.00,0.00,0.00,0.00,0.00,0.00,0,0.00,0,0.00,0,0.00,0.00,0,0,0,0,63,0.00,22,61,36.07,63,3,3,0,0,0,0,0,1,2,2,0,0,2,2,8,9,1
Sweden,SE,2589,2811,1.31,25.01,43,132,412,0,0,0.00,0,22,0.00,0.00,0.00,0.00,0.00,0.00,0.00,0,0.00,0,0.00,0,0.00,0.00,0,0,0,0,83,0.00,14,84,16.67,84,9,9,0,1,1,0,0,0,1,1,0,2,3,1,5,7,2
Colombia,CO,2584,2125,1.57,27.59,43,11,21,0,1,0.00,1,24,4.17,0.00,0.00,0.00,0.00,0.00,0.00,0,0.00,0,0.00,0,0.00,0.00,0,0,0,0,55,0.00,21,55,38.18,55,3,3,0,2,2,0,0,1,1,1,0,0,1,1,2,3,1
Indonesia,ID,2297,1752,1.68,31.85,38,2,10,0,0,0.00,0,25,0.00,0.00,0.00,0.00,0.00,0.00,0.00,0,0.00,0,0.00,0,0.00,0.00,0,0,0,0,23,0.00,5,23,21.74,23,0,0,0,0,0,0,0,1,0,0,0,1,3,2,1,2,1
Turkey,TR,2295,2254,1.24,23.68,38,29,22,0,0,0.00,0,21,0.00,0.00,0.00,0.00,0.00,0.00,0.00,0,0.00,0,0.00,0,0.00,0.00,0,0,0,1,56,1.75,14,60,22.95,60,6,7,1,1,1,0,0,3,1,1,0,2,3,1,5,7,2
Romania,RO,2168,2416,1.20,21.10,36,4,12,0,0,0.00,0,16,0.00,0.00,0.00,0.00,0.00,0.00,0.00,0,0.00,0,0.00,0,0.00,0.00,0,0,0,0,40,0.00,10,40,23.81,40,4,4,0,2,2,0,4,1,0,0,0,2,2,0,5,5,0
Belgium,BE,2063,2046,1.34,24.90,34,25,72,0,0,0.00,0,8,0.00,0.00,0.00,0.00,0.00,0.00,0.00,0,0.00,0,0.00,0,0.00,0.00,0,0,0,0,62,0.00,12,62,19.35,62,9,9,0,0,0,0,0,0,0,0,0,1,4,3,3,3,0
Greece,GR,2000,2103,1.26,21.12,33,3,1,0,0,0.00,0,24,0.00,0.00,0.00,0.00,0.00,0.00,0.00,0,0.00,0,0.00,0,0.00,0.00,0,0,0,0,30,0.00,12,31,38.71,31,2,2,0,5,5,0,0,1,0,0,0,0,0,0,2,3,1
Chile,CL,1975,1861,1.54,26.63,33,0,0,0,0,0.00,0,14,0.00,0.00,0.00,0.00,0.00,0.00,0.00,0,0.00,0,0.00,0,0.00,0.00,0,0,0,1,61,1.64,22,61,36.07,61,1,1,0,0,0,0,1,1,2,2,0,4,6,2,1,1,0
Ukraine,UA,1963,2359,1.16,20.75,33,4,6,0,1,0.00,1,28,3.57,0.00,0.00,0.00,0.00,0.00,0.00,0,0.00,0,0.00,0,0.00,0.00,0,0,0,0,35,0.00,8,36,22.22,36,10,10,0,1,1,0,1,5,1,1,0,3,5,2,3,4,1
Portugal,PT,1879,2060,1.20,22.03,31,3,6,0,0,0.00,0,23,0.00,0.00,0.00,0.00,0.00,0.00,0.00,0,0.00,0,0.00,0,0.00,0.00,0,0,0,0,71,0.00,20,71,28.17,71,1,1,0,1,1,0,0,0,0,0,0,-1,1,2,0,1,1
Czech Republic,CZ,1850,1996,1.21,21.91,31,3,9,0,0,0.00,0,11,0.00,0.00,0.00,0.00,0.00,0.00,0.00,0,0.00,0,0.00,0,0.00,0.00,0,0,0,4,185,2.16,60,185,32.43,185,8,8,0,1,1,0,0,2,1,1,0,0,5,5,0,3,3
Australia,AU,1716,2092,1.11,20.97,29,6,3,0,0,0.00,0,10,0.00,0.00,0.00,0.00,0.00,0.00,0.00,0,0.00,0,0.00,0,0.00,0.00,0,0,0,0,23,0.00,5,23,21.74,23,4,4,0,3,3,0,0,2,0,0,0,1,3,2,3,3,0
Peru,PE,1709,1094,1.85,33.05,28,0,0,0,0,0.00,0,6,0.00,0.00,0.00,0.00,0.00,0.00,0.00,0,0.00,0,0.00,0,0.00,0.00,0,0,0,0,30,0.00,11,30,36.67,30,4,4,0,0,0,0,0,0,0,0,0,3,3,0,2,2,0
Hungary,HU,1683,1969,1.21,21.74,28,1,1,0,0,0.00,0,18,0.00,0.00,0.00,0.00,0.00,0.00,0.00,0,0.00,0,0.00,0,0.00,0.00,0,0,0,0,34,0.00,10,34,29.41,34,1,1,0,0,0,0,0,0,1,1,0,0,0,0,0,1,1
Unknown Region,ZZ,1657,1216,1.58,31.65,28,17,26,0,2,0.00,1,174,0.57,0.00,0.00,0.00,0.00,0.00,0.00,0,0.00,0,0.00,0,0.00,0.00,0,0,0,6,200,3.00,17,202,8.42,202,0,0,0,0,0,0,0,259,0,0,0,0,0,0,-2,9,11
Morocco,MA,1632,1321,1.52,28.99,27,7,15,0,0,0.00,0,14,0.00,0.00,0.00,0.00,0.00,0.00,0.00,0,0.00,0,0.00,0,0.00,0.00,0,0,0,0,12,0.00,2,21,9.52,21,6,6,0,0,1,1,0,0,0,0,0,0,0,0,5,6,1
Denmark,DK,1321,1191,1.48,28.70,22,0,0,0,0,0.00,0,12,0.00,0.00,0.00,0.00,0.00,0.00,0.00,0,0.00,0,0.00,0,0.00,0.00,0,0,0,0,23,0.00,7,23,30.43,23,2,2,0,1,1,0,1,1,1,1,0,0,0,0,1,1,0
Venezuela,VE,1311,970,1.71,29.82,22,23,35,0,0,0.00,0,16,0.00,0.00,0.00,0.00,0.00,0.00,0.00,0,0.00,0,0.00,0,0.00,0.00,0,0,0,1,18,5.56,10,18,55.56,18,7,7,0,0,0,0,0,3,0,0,0,0,1,1,4,4,0
Thailand,TH,1254,1056,1.54,30.27,21,33,78,0,0,0.00,0,9,0.00,0.00,0.00,0.00,0.00,0.00,0.00,0,0.00,0,0.00,0,0.00,0.00,0,0,0,0,21,0.00,3,21,14.29,21,2,2,0,3,3,0,1,0,1,1,0,1,1,0,8,9,1
Philippines,PH,1181,1109,1.37,27.20,20,0,0,0,0,0.00,0,5,0.00,0.00,0.00,0.00,0.00,0.00,0.00,0,0.00,0,0.00,0,0.00,0.00,0,0,0,0,5,0.00,1,5,20.00,5,2,2,0,0,0,0,0,3,1,1,0,0,0,0,1,1,0
Vietnam,VN,1171,1091,1.46,26.81,20,4,4,0,1,0.00,1,15,6.67,0.00,0.00,0.00,0.00,0.00,0.00,0,0.00,0,0.00,0,0.00,0.00,0,0,0,0,4,0.00,3,7,42.86,7,1,1,0,1,1,0,0,0,1,1,0,1,1,0,5,5,0
South Korea,KR,1149,1020,1.28,25.94,19,0,0,0,0,0.00,0,10,0.00,0.00,0.00,0.00,0.00,0.00,0.00,0,0.00,0,0.00,0,0.00,0.00,0,0,0,0,25,0.00,4,25,16.00,25,1,1,0,0,0,0,0,0,0,0,0,2,2,0,2,2,0
Malaysia,MY,1049,1058,1.32,25.82,17,0,0,0,0,0.00,0,10,0.00,0.00,0.00,0.00,0.00,0.00,0.00,0,0.00,0,0.00,0,0.00,0.00,0,0,0,0,15,0.00,4,15,26.67,15,1,1,0,0,0,0,0,0,0,0,0,1,2,1,0,0,0
Taiwan,TW,1040,1023,1.31,25.17,17,0,0,0,0,0.00,0,9,0.00,0.00,0.00,0.00,0.00,0.00,0.00,0,0.00,0,0.00,0,0.00,0.00,0,0,0,0,90,0.00,21,90,23.33,90,0,0,0,0,0,0,0,1,1,1,0,1,2,1,2,3,1
Serbia,RS,1008,1129,1.21,22.33,17,0,0,0,0,0.00,0,7,0.00,0.00,0.00,0.00,0.00,0.00,0.00,0,0.00,0,0.00,0,0.00,0.00,0,0,0,0,5,0.00,1,5,20.00,5,0,0,0,4,5,1,0,4,0,0,0,0,1,1,0,0,0
Slovakia,SK,954,973,1.34,24.97,16,7,7,0,0,0.00,0,8,0.00,0.00,0.00,0.00,0.00,0.00,0.00,0,0.00,0,0.00,0,0.00,0.00,0,0,0,0,53,0.00,23,53,43.40,53,0,0,0,0,0,0,0,0,0,0,0,0,0,0,2,2,0
Algeria,DZ,899,813,1.31,24.34,15,15,2,0,0,0.00,0,16,0.00,0.00,0.00,0.00,0.00,0.00,0.00,0,0.00,0,0.00,0,0.00,0.00,0,0,0,1,16,6.25,6,19,31.58,19,1,1,0,1,1,0,0,0,0,0,0,-1,0,1,2,2,0
Bulgaria,BG,898,1089,1.19,22.29,15,0,0,0,0,0.00,0,16,0.00,0.00,0.00,0.00,0.00,0.00,0.00,0,0.00,0,0.00,0,0.00,0.00,0,0,0,0,26,0.00,4,26,15.38,26,2,2,0,2,2,0,1,1,1,2,1,2,3,1,0,0,0
Norway,NO,878,1014,1.19,22.49,15,1,0,0,0,0.00,0,19,0.00,0.00,0.00,0.00,0.00,0.00,0.00,0,0.00,0,0.00,0,0.00,0.00,0,0,0,1,36,2.78,9,36,25.00,36,0,0,0,1,1,0,0,0,1,1,0,0,1,1,1,1,0
Finland,FI,863,1002,1.25,22.24,14,0,0,0,0,0.00,0,6,0.00,0.00,0.00,0.00,0.00,0.00,0.00,0,0.00,0,0.00,0,0.00,0.00,0,0,0,0,16,0.00,2,16,12.50,16,2,3,1,2,2,0,0,0,0,0,0,2,2,0,0,0,0
Croatia,HR,836,856,1.33,24.23,14,0,0,0,0,0.00,0,6,0.00,0.00,0.00,0.00,0.00,0.00,0.00,0,0.00,0,0.00,0,0.00,0.00,0,0,0,0,11,0.00,0,13,0.00,13,1,1,0,0,0,0,0,0,0,0,0,1,1,0,0,0,0
Israel,IL,818,998,1.06,20.51,14,0,0,0,0,0.00,0,9,0.00,0.00,0.00,0.00,0.00,0.00,0.00,0,0.00,0,0.00,0,0.00,0.00,0,0,0,0,26,0.00,5,26,18.52,26,3,3,0,0,0,0,0,0,0,0,0,0,0,0,1,1,0
Ecuador,EC,798,613,1.68,31.53,13,7,4,0,0,0.00,0,7,0.00,0.00,0.00,0.00,0.00,0.00,0.00,0,0.00,0,0.00,0,0.00,0.00,0,0,0,0,21,0.00,4,21,19.05,21,1,1,0,0,0,0,0,0,0,0,0,0,0,0,2,2,0
Luxembourg,LU,751,529,1.72,35.38,13,34,59,0,0,0.00,0,7,0.00,0.00,0.00,0.00,0.00,0.00,0.00,0,0.00,0,0.00,0,0.00,0.00,0,0,0,1,13,7.69,7,13,53.85,13,1,1,0,0,0,0,0,1,0,0,0,0,0,0,2,2,0
Saudi Arabia,SA,736,846,1.19,23.50,12,2,5,1,1,100.00,1,11,9.09,0.00,0.00,0.00,0.00,0.00,0.00,0,0.00,0,0.00,0,0.00,0.00,0,0,0,0,8,0.00,2,14,14.29,14,2,3,1,0,0,0,0,0,0,0,0,1,1,0,1,2,1
Hong Kong,HK,678,648,1.30,25.58,11,3,2,0,0,0.00,0,3,0.00,0.00,0.00,0.00,0.00,0.00,0.00,0,0.00,0,0.00,0,0.00,0.00,0,0,0,0,39,0.00,12,39,30.77,39,1,1,0,0,0,0,0,0,0,0,0,0,0,0,2,2,0
Egypt,EG,643,698,1.27,24.46,11,7,1,0,0,0.00,0,12,0.00,0.00,0.00,0.00,0.00,0.00,0.00,0,0.00,0,0.00,0,0.00,0.00,0,0,0,0,22,0.00,1,24,4.17,24,4,4,0,0,0,0,0,1,1,1,0,0,0,0,9,10,1
Ireland,IE,629,748,1.06,20.68,10,0,0,0,0,0.00,0,6,0.00,0.00,0.00,0.00,0.00,0.00,0.00,0,0.00,0,0.00,0,0.00,0.00,0,0,0,0,12,0.00,4,12,30.77,12,0,0,0,1,1,0,0,0,0,0,0,0,0,0,1,1,0
Singapore,SG,625,664,1.18,23.28,10,0,0,0,0,0.00,0,3,0.00,0.00,0.00,0.00,0.00,0.00,0.00,0,0.00,0,0.00,0,0.00,0.00,0,0,0,0,20,0.00,2,20,10.00,20,0,0,0,0,0,0,0,0,1,1,0,2,3,1,-1,0,1
Dominican Republic,DO,596,423,2.04,34.67,10,0,0,0,0,0.00,0,6,0.00,0.00,0.00,0.00,0.00,0.00,0.00,0,0.00,0,0.00,0,0.00,0.00,0,0,0,1,6,16.67,3,7,42.86,7,1,1,0,0,0,0,0,0,0,0,0,1,1,0,1,1,0
Lithuania,LT,533,595,1.21,22.54,9,0,0,0,0,0.00,0,4,0.00,0.00,0.00,0.00,0.00,0.00,0.00,0,0.00,0,0.00,0,0.00,0.00,0,0,0,0,14,0.00,4,14,28.57,14,1,1,0,0,0,0,0,0,0,0,0,0,0,0,0,0,0
Tunisia,TN,506,512,1.22,23.16,8,1,1,0,0,0.00,0,2,0.00,0.00,0.00,0.00,0.00,0.00,0.00,0,0.00,0,0.00,0,0.00,0.00,0,0,0,1,24,4.17,8,23,34.78,24,1,1,0,0,0,0,0,0,0,0,0,0,0,0,2,3,1
Costa Rica,CR,490,418,1.63,27.82,8,0,0,0,0,0.00,0,5,0.00,0.00,0.00,0.00,0.00,0.00,0.00,0,0.00,0,0.00,0,0.00,0.00,0,0,0,0,6,0.00,2,6,33.33,6,1,1,0,0,0,0,0,0,0,0,0,1,1,0,0,0,0
Slovenia,SI,461,754,1.13,20.07,8,0,0,0,0,0.00,0,1,0.00,0.00,0.00,0.00,0.00,0.00,0.00,0,0.00,0,0.00,0,0.00,0.00,0,0,0,2,16,12.50,3,16,18.75,16,2,2,0,0,0,0,0,1,0,0,0,1,1,0,1,1,0
South Africa,ZA,433,444,1.24,22.75,7,0,0,0,0,0.00,0,5,0.00,0.00,0.00,0.00,0.00,0.00,0.00,0,0.00,0,0.00,0,0.00,0.00,0,0,0,0,2,0.00,1,2,50.00,2,0,0,0,0,0,0,0,0,0,0,0,0,0,0,1,1,0
New Zealand,NZ,429,467,1.22,22.54,7,1,0,0,0,0.00,0,3,0.00,0.00,0.00,0.00,0.00,0.00,0.00,0,0.00,0,0.00,0,0.00,0.00,0,0,0,0,9,0.00,1,9,11.11,9,1,1,0,0,0,0,0,2,0,0,0,0,0,0,2,2,0
United Arab Emirates,AE,368,360,1.18,22.40,6,3,0,0,0,0.00,0,6,0.00,0.00,0.00,0.00,0.00,0.00,0.00,0,0.00,0,0.00,0,0.00,0.00,0,0,0,0,4,0.00,1,4,25.00,4,0,0,0,0,0,0,0,1,0,0,0,1,1,0,1,1,0
El Salvador,SV,365,289,1.71,29.95,6,3,6,0,0,0.00,0,2,0.00,0.00,0.00,0.00,0.00,0.00,0.00,0,0.00,0,0.00,0,0.00,0.00,0,0,0,0,10,0.00,2,10,20.00,10,0,0,0,0,0,0,0,2,0,0,0,0,0,0,1,2,1
Uruguay,UY,355,349,1.37,23.81,6,0,0,0,0,0.00,0,4,0.00,0.00,0.00,0.00,0.00,0.00,0.00,0,0.00,0,0.00,0,0.00,0.00,0,0,0,0,16,0.00,5,16,31.25,16,0,0,0,0,0,0,0,0,1,1,0,1,1,0,1,1,0
Bosnia & Herzegovina,BA,316,385,1.21,22.83,5,0,0,0,0,0.00,0,9,0.00,0.00,0.00,0.00,0.00,0.00,0.00,0,0.00,0,0.00,0,0.00,0.00,0,0,0,0,4,0.00,1,4,25.00,4,3,3,0,0,0,0,0,1,0,0,0,0,1,1,-1,0,1
Macedonia (FYROM),MK,313,256,1.61,35.35,5,36,152,0,0,0.00,0,0,0.00,0.00,0.00,0.00,0.00,0.00,0.00,0,0.00,0,0.00,0,0.00,0.00,0,0,0,0,17,0.00,0,17,0.00,17,0,0,0,0,0,0,0,0,0,0,0,0,0,0,0,0,0
Bolivia,BO,310,184,1.98,38.82,5,0,0,0,0,0.00,0,9,0.00,0.00,0.00,0.00,0.00,0.00,0.00,0,0.00,0,0.00,0,0.00,0.00,0,0,0,0,4,0.00,1,4,25.00,4,0,0,0,0,0,0,1,0,0,0,0,1,1,0,0,0,0
Belarus,BY,308,361,1.16,21.86,5,8,6,0,0,0.00,0,10,0.00,0.00,0.00,0.00,0.00,0.00,0.00,0,0.00,0,0.00,0,0.00,0.00,0,0,0,0,10,0.00,3,10,30.00,10,1,1,0,0,0,0,0,0,0,0,0,0,1,1,1,1,0
Guatemala,GT,305,278,1.52,26.32,5,0,0,0,0,0.00,0,1,0.00,0.00,0.00,0.00,0.00,0.00,0.00,0,0.00,0,0.00,0,0.00,0.00,0,0,0,0,5,0.00,3,5,60.00,5,2,2,0,0,0,0,0,1,0,0,0,0,0,0,0,0,0
Kazakhstan,KZ,283,337,0.95,18.32,5,0,0,0,0,0.00,0,1,0.00,0.00,0.00,0.00,0.00,0.00,0.00,0,0.00,0,0.00,0,0.00,0.00,0,0,0,0,5,0.00,4,6,66.67,6,0,0,0,0,0,0,0,0,0,0,0,0,0,0,1,2,1
Puerto Rico,PR,281,261,1.53,27.05,5,0,0,0,0,0.00,0,3,0.00,0.00,0.00,0.00,0.00,0.00,0.00,0,0.00,0,0.00,0,0.00,0.00,0,0,0,0,1,0.00,1,1,100.00,1,1,1,0,0,0,0,0,0,0,0,0,0,0,0,0,0,0
Latvia,LV,274,336,1.21,23.35,5,20,35,0,0,0.00,0,6,0.00,0.00,0.00,0.00,0.00,0.00,0.00,0,0.00,0,0.00,0,0.00,0.00,0,0,0,0,3,0.00,2,3,66.67,3,0,0,0,1,1,0,0,0,0,0,0,0,0,0,1,1,0
Estonia,EE,266,330,1.18,22.28,4,0,0,0,0,0.00,0,3,0.00,0.00,0.00,0.00,0.00,0.00,0.00,0,0.00,0,0.00,0,0.00,0.00,0,0,0,0,6,0.00,3,6,50.00,6,1,1,0,0,0,0,0,0,0,0,0,0,0,0,0,1,1
Bangladesh,BD,263,232,1.31,25.62,4,0,0,0,1,0.00,1,4,25.00,0.00,0.00,0.00,0.00,0.00,0.00,0,0.00,0,0.00,0,0.00,0.00,0,0,0,0,5,0.00,2,5,40.00,5,0,0,0,0,0,0,0,0,0,0,0,0,2,2,1,1,0
Iceland,IS,252,148,2.02,36.86,4,4,8,0,0,0.00,0,1,0.00,0.00,0.00,0.00,0.00,0.00,0.00,0,0.00,0,0.00,0,0.00,0.00,0,0,0,0,2,0.00,1,2,50.00,2,0,0,0,0,0,0,0,0,0,0,0,0,0,0,0,0,0
Sri Lanka,LK,241,271,1.20,24.60,4,0,0,0,0,0.00,0,4,0.00,0.00,0.00,0.00,0.00,0.00,0.00,0,0.00,0,0.00,0,0.00,0.00,0,0,0,0,4,0.00,0,4,0.00,4,0,0,0,0,0,0,0,0,0,0,0,1,1,0,1,1,0
Paraguay,PY,228,152,2.07,36.03,4,0,0,0,0,0.00,0,0,0.00,0.00,0.00,0.00,0.00,0.00,0.00,0,0.00,0,0.00,0,0.00,0.00,0,0,0,0,6,0.00,0,6,0.00,6,0,0,0,0,0,0,0,0,0,0,0,0,0,0,0,0,0
Kenya,KE,216,181,1.46,29.62,4,0,0,0,0,0.00,0,2,0.00,0.00,0.00,0.00,0.00,0.00,0.00,0,0.00,0,0.00,0,0.00,0.00,0,0,0,0,5,0.00,0,5,0.00,5,0,0,0,0,0,0,0,0,0,0,0,0,0,0,0,0,0
Iraq,IQ,210,234,1.00,19.38,4,0,0,0,0,0.00,0,6,0.00,0.00,0.00,0.00,0.00,0.00,0.00,0,0.00,0,0.00,0,0.00,0.00,0,0,0,0,4,0.00,0,4,0.00,4,0,0,0,0,0,0,0,0,0,0,0,-1,0,1,1,1,0
Panama,PA,191,164,1.47,27.86,3,0,0,0,0,0.00,0,1,0.00,0.00,0.00,0.00,0.00,0.00,0.00,0,0.00,0,0.00,0,0.00,0.00,0,0,0,0,2,0.00,1,2,50.00,2,0,0,0,0,0,0,1,0,0,0,0,0,0,0,1,1,0
Honduras,HN,182,141,1.54,29.13,3,0,0,0,0,0.00,0,1,0.00,0.00,0.00,0.00,0.00,0.00,0.00,0,0.00,0,0.00,0,0.00,0.00,0,0,0,0,0,0.00,0,0,0.00,0,0,0,0,0,0,0,0,0,0,0,0,0,0,0,0,0,0
Moldova,MD,173,234,0.98,18.76,3,24,17,0,0,0.00,0,3,0.00,0.00,0.00,0.00,0.00,0.00,0.00,0,0.00,0,0.00,0,0.00,0.00,0,0,0,0,2,0.00,1,2,50.00,2,0,0,0,0,0,0,0,0,0,0,0,1,1,0,1,2,1
Jordan,JO,171,169,1.37,25.68,3,0,0,0,0,0.00,0,0,0.00,0.00,0.00,0.00,0.00,0.00,0.00,0,0.00,0,0.00,0,0.00,0.00,0,0,0,0,3,0.00,0,3,0.00,3,0,0,0,0,0,0,0,1,0,0,0,0,0,0,0,0,0
Georgia,GE,167,227,0.86,17.49,3,0,0,0,0,0.00,0,1,0.00,0.00,0.00,0.00,0.00,0.00,0.00,0,0.00,0,0.00,0,0.00,0.00,0,0,0,0,5,0.00,2,5,40.00,5,3,3,0,0,0,0,0,0,1,1,0,0,0,0,0,0,0
Cambodia,KH,155,126,1.62,32.57,3,2,5,0,0,0.00,0,2,0.00,0.00,0.00,0.00,0.00,0.00,0.00,0,0.00,0,0.00,0,0.00,0.00,0,0,0,0,0,0.00,0,0,0.00,0,0,0,0,0,0,0,0,0,0,0,0,0,0,0,1,1,0
Cyprus,CY,138,128,1.33,22.93,2,0,0,0,0,0.00,0,0,0.00,0.00,0.00,0.00,0.00,0.00,0.00,0,0.00,0,0.00,0,0.00,0.00,0,0,0,0,1,0.00,0,1,0.00,1,0,0,0,0,0,0,0,0,0,0,0,0,0,0,1,1,0
Réunion,RE,130,97,1.75,30.16,2,0,0,0,0,0.00,0,0,0.00,0.00,0.00,0.00,0.00,0.00,0.00,0,0.00,0,0.00,0,0.00,0.00,0,0,0,0,0,0.00,0,0,0.00,0,0,0,0,0,0,0,0,0,0,0,0,0,0,0,0,0,0
Nicaragua,NI,129,118,1.38,25.70,2,0,0,0,0,0.00,0,0,0.00,0.00,0.00,0.00,0.00,0.00,0.00,0,0.00,0,0.00,0,0.00,0.00,0,0,0,0,0,0.00,0,0,0.00,0,2,2,0,0,0,0,0,0,0,0,0,0,0,0,1,1,0
Jamaica,JM,118,119,1.69,32.21,2,0,0,0,0,0.00,0,2,0.00,0.00,0.00,0.00,0.00,0.00,0.00,0,0.00,0,0.00,0,0.00,0.00,0,0,0,0,0,0.00,0,0,0.00,0,0,0,0,0,0,0,0,0,0,0,0,1,1,0,0,0,0
Ghana,GH,118,79,1.74,35.39,2,0,0,0,0,0.00,0,0,0.00,0.00,0.00,0.00,0.00,0.00,0.00,0,0.00,0,0.00,0,0.00,0.00,0,0,0,0,4,0.00,0,4,0.00,4,0,0,0,0,0,0,0,0,0,0,0,0,0,0,0,0,0
Qatar,QA,114,82,1.78,32.85,2,0,0,0,0,0.00,0,1,0.00,0.00,0.00,0.00,0.00,0.00,0.00,0,0.00,0,0.00,0,0.00,0.00,0,0,0,0,0,0.00,0,0,0.00,0,0,0,0,0,0,0,0,0,0,0,0,0,0,0,1,1,0
Nepal,NP,106,103,1.19,24.60,2,0,0,0,0,0.00,0,1,0.00,0.00,0.00,0.00,0.00,0.00,0.00,0,0.00,0,0.00,0,0.00,0.00,0,0,0,1,5,20.00,2,5,40.00,5,0,0,0,0,0,0,0,0,0,0,0,0,0,0,0,0,0
Albania,AL,102,100,1.53,29.19,2,1,1,0,0,0.00,0,3,0.00,0.00,0.00,0.00,0.00,0.00,0.00,0,0.00,0,0.00,0,0.00,0.00,0,0,0,0,2,0.00,2,2,100.00,2,0,0,0,1,1,0,0,0,0,0,0,0,0,0,1,1,0
Kuwait,KW,99,109,1.18,22.97,2,0,0,0,0,0.00,0,2,0.00,0.00,0.00,0.00,0.00,0.00,0.00,0,0.00,0,0.00,0,0.00,0.00,0,0,0,0,2,0.00,1,2,50.00,2,0,0,0,0,0,0,0,0,0,0,0,0,0,0,0,0,0
Côte d’Ivoire,CI,97,50,2.03,37.28,2,0,0,0,0,0.00,0,1,0.00,0.00,0.00,0.00,0.00,0.00,0.00,0,0.00,0,0.00,0,0.00,0.00,0,0,0,0,0,0.00,0,0,0.00,0,0,0,0,0,0,0,0,0,0,0,0,0,0,0,0,0,0
Pakistan,PK,93,190,1.52,31.47,2,4,2,0,0,0.00,0,0,0.00,0.00,0.00,0.00,0.00,0.00,0.00,0,0.00,0,0.00,0,0.00,0.00,0,0,0,0,0,0.00,0,0,0.00,0,1,2,1,0,0,0,0,0,0,0,0,0,0,0,1,1,0
Mauritius,MU,89,84,1.56,33.39,1,0,0,0,0,0.00,0,0,0.00,0.00,0.00,0.00,0.00,0.00,0.00,0,0.00,0,0.00,0,0.00,0.00,0,0,0,0,0,0.00,0,0,0.00,0,0,0,0,0,0,0,0,0,0,0,0,0,0,0,0,0,0
Armenia,AM,86,90,1.09,20.44,1,0,0,0,0,0.00,0,2,0.00,0.00,0.00,0.00,0.00,0.00,0.00,0,0.00,0,0.00,0,0.00,0.00,0,0,0,0,5,0.00,0,5,0.00,5,1,1,0,0,0,0,0,0,0,0,0,0,0,0,0,0,0
Azerbaijan,AZ,86,101,1.09,21.98,1,1,0,0,0,0.00,0,1,0.00,0.00,0.00,0.00,0.00,0.00,0.00,0,0.00,0,0.00,0,0.00,0.00,0,0,0,0,2,0.00,2,2,100.00,2,0,0,0,0,0,0,0,1,0,0,0,1,1,0,1,1,0
Sudan,SD,82,63,1.65,27.48,1,0,0,0,0,0.00,0,3,0.00,0.00,0.00,0.00,0.00,0.00,0.00,0,0.00,0,0.00,0,0.00,0.00,0,0,0,0,0,0.00,0,0,0.00,0,0,0,0,0,0,0,0,0,0,0,0,0,0,0,0,0,0
Trinidad & Tobago,TT,82,90,1.12,22.32,1,0,0,0,0,0.00,0,0,0.00,0.00,0.00,0.00,0.00,0.00,0.00,0,0.00,0,0.00,0,0.00,0.00,0,0,0,0,0,0.00,0,0,0.00,0,0,0,0,0,0,0,0,0,0,0,0,0,0,0,0,0,0
Oman,OM,74,72,1.34,26.44,1,0,0,0,0,0.00,0,2,0.00,0.00,0.00,0.00,0.00,0.00,0.00,0,0.00,0,0.00,0,0.00,0.00,0,0,0,0,1,0.00,0,1,0.00,1,0,0,0,0,0,0,0,0,0,0,0,0,0,0,0,0,0
Palestine,PS,72,77,1.14,21.62,1,0,0,0,0,0.00,0,1,0.00,0.00,0.00,0.00,0.00,0.00,0.00,0,0.00,0,0.00,0,0.00,0.00,0,0,0,0,3,0.00,0,3,0.00,3,0,0,0,0,0,0,0,0,0,0,0,1,1,0,1,1,0
Liechtenstein,LI,70,57,1.76,41.94,1,0,0,0,0,0.00,0,1,0.00,0.00,0.00,0.00,0.00,0.00,0.00,0,0.00,0,0.00,0,0.00,0.00,0,0,0,1,1,100.00,0,1,0.00,1,0,0,0,0,0,0,0,0,0,0,0,0,0,0,1,1,0
Nigeria,NG,69,69,1.11,22.45,1,0,0,0,0,0.00,0,1,0.00,0.00,0.00,0.00,0.00,0.00,0.00,0,0.00,0,0.00,0,0.00,0.00,0,0,0,0,1,0.00,1,1,100.00,1,0,0,0,0,0,0,0,0,0,0,0,0,0,0,1,1,0
Tanzania,TZ,64,34,2.38,41.90,1,0,0,0,0,0.00,0,0,0.00,0.00,0.00,0.00,0.00,0.00,0.00,0,0.00,0,0.00,0,0.00,0.00,0,0,0,0,0,0.00,0,0,0.00,0,0,0,0,0,0,0,0,0,0,0,0,0,0,0,0,0,0
Madagascar,MG,63,31,2.53,51.65,1,0,0,0,0,0.00,0,1,0.00,0.00,0.00,0.00,0.00,0.00,0.00,0,0.00,0,0.00,0,0.00,0.00,0,0,0,0,1,0.00,0,1,0.00,1,0,0,0,0,0,0,0,0,0,0,0,0,0,0,0,0,0
Ethiopia,ET,60,33,1.99,37.87,1,0,0,0,0,0.00,0,0,0.00,0.00,0.00,0.00,0.00,0.00,0.00,0,0.00,0,0.00,0,0.00,0.00,0,0,0,0,1,0.00,1,1,100.00,1,0,0,0,0,0,0,0,0,0,0,0,0,0,0,1,1,0
Montenegro,ME,57,67,1.13,21.21,1,8,20,0,0,0.00,0,0,0.00,0.00,0.00,0.00,0.00,0.00,0.00,0,0.00,0,0.00,0,0.00,0.00,0,0,0,0,1,0.00,0,1,0.00,1,8,8,0,0,0,0,0,0,0,0,0,0,0,0,0,1,1
Senegal,SN,55,50,1.44,27.21,1,0,0,0,0,0.00,0,0,0.00,0.00,0.00,0.00,0.00,0.00,0.00,0,0.00,0,0.00,0,0.00,0.00,0,0,0,0,0,0.00,0,0,0.00,0,0,0,0,0,0,0,0,0,0,0,0,0,0,0,0,0,0
Macau,MO,54,37,1.70,32.34,1,0,0,0,0,0.00,0,0,0.00,0.00,0.00,0.00,0.00,0.00,0.00,0,0.00,0,0.00,0,0.00,0.00,0,0,0,0,4,0.00,0,4,0.00,4,0,0,0,0,0,0,0,0,0,0,0,0,0,0,0,0,0
Lebanon,LB,53,59,1.16,27.01,1,0,0,0,0,0.00,0,1,0.00,0.00,0.00,0.00,0.00,0.00,0.00,0,0.00,0,0.00,0,0.00,0.00,0,0,0,0,0,0.00,0,0,0.00,0,0,0,0,0,0,0,0,0,0,0,0,0,0,0,0,0,0
China,CN,53,82,1.08,20.32,1,5,2,0,0,0.00,0,0,0.00,0.00,0.00,0.00,0.00,0.00,0.00,0,0.00,0,0.00,0,0.00,0.00,0,0,0,0,2,0.00,0,1,0.00,2,1,1,0,0,0,0,0,1,0,0,0,0,0,0,2,3,1
Bahrain,BH,47,46,1.24,24.38,1,0,0,0,0,0.00,0,0,0.00,0.00,0.00,0.00,0.00,0.00,0.00,0,0.00,0,0.00,0,0.00,0.00,0,0,0,0,0,0.00,0,0,0.00,0,0,0,0,0,0,0,0,0,0,0,0,0,0,0,0,0,0
Mongolia,MN,44,69,0.84,16.79,1,0,0,0,0,0.00,0,0,0.00,0.00,0.00,0.00,0.00,0.00,0.00,0,0.00,0,0.00,0,0.00,0.00,0,0,0,0,2,0.00,0,2,0.00,2,0,0,0,0,0,0,0,0,0,0,0,0,0,0,0,0,0
Iran,IR,40,30,1.50,32.36,1,0,0,0,0,0.00,0,1,0.00,0.00,0.00,0.00,0.00,0.00,0.00,0,0.00,0,0.00,0,0.00,0.00,0,0,0,0,4,0.00,0,4,0.00,4,1,1,0,0,0,0,0,0,0,0,0,0,0,0,0,0,0
Kyrgyzstan,KG,38,30,1.46,30.45,1,0,0,0,0,0.00,0,0,0.00,0.00,0.00,0.00,0.00,0.00,0.00,0,0.00,0,0.00,0,0.00,0.00,0,0,0,0,0,0.00,0,0,0.00,0,0,0,0,0,0,0,0,0,0,0,0,2,4,2,0,0,0
Martinique,MQ,38,28,1.65,28.82,1,0,0,0,0,0.00,0,0,0.00,0.00,0.00,0.00,0.00,0.00,0.00,0,0.00,0,0.00,0,0.00,0.00,0,0,0,0,0,0.00,0,0,0.00,0,0,0,0,0,0,0,0,0,0,0,0,0,1,1,0,0,0
Malta,MT,34,62,0.75,13.78,1,0,0,0,0,0.00,0,1,0.00,0.00,0.00,0.00,0.00,0.00,0.00,0,0.00,0,0.00,0,0.00,0.00,0,0,0,0,2,0.00,1,2,50.00,2,0,0,0,0,0,0,0,0,0,0,0,0,0,0,0,0,0
Syria,SY,34,33,1.16,24.00,1,0,0,0,0,0.00,0,0,0.00,0.00,0.00,0.00,0.00,0.00,0.00,0,0.00,0,0.00,0,0.00,0.00,0,0,0,0,0,0.00,0,0,0.00,0,1,1,0,0,0,0,0,0,0,0,0,1,1,0,0,0,0
Haiti,HT,34,15,2.23,43.25,1,0,0,0,0,0.00,0,0,0.00,0.00,0.00,0.00,0.00,0.00,0.00,0,0.00,0,0.00,0,0.00,0.00,0,0,0,0,0,0.00,0,0,0.00,0,0,0,0,0,0,0,0,0,0,0,0,0,0,0,0,0,0
Angola,AO,33,21,1.63,30.81,1,0,0,1,1,100.00,1,2,50.00,0.00,0.00,0.00,0.00,0.00,0.00,0,0.00,0,0.00,0,0.00,0.00,0,0,0,0,0,0.00,0,0,0.00,0,0,0,0,0,0,0,0,0,0,0,0,0,0,0,0,0,0
Mozambique,MZ,30,26,1.16,22.00,1,0,0,0,0,0.00,0,0,0.00,0.00,0.00,0.00,0.00,0.00,0.00,0,0.00,0,0.00,0,0.00,0.00,0,0,0,0,0,0.00,0,0,0.00,0,0,0,0,0,0,0,0,0,0,0,0,0,0,0,0,0,0
Libya,LY,30,23,1.77,36.24,1,0,0,0,0,0.00,0,0,0.00,0.00,0.00,0.00,0.00,0.00,0.00,0,0.00,0,0.00,0,0.00,0.00,0,0,0,0,1,0.00,1,1,100.00,1,0,0,0,0,0,0,0,0,0,0,0,0,0,0,1,1,0
Togo,TG,30,8,4.24,58.99,0,0,0,0,0,0.00,0,0,0.00,0.00,0.00,0.00,0.00,0.00,0.00,0,0.00,0,0.00,0,0.00,0.00,0,0,0,0,0,0.00,0,0,0.00,0,0,0,0,0,0,0,0,0,0,0,0,0,0,0,0,0,0
Yemen,YE,25,21,1.29,34.16,0,0,0,0,0,0.00,0,1,0.00,0.00,0.00,0.00,0.00,0.00,0.00,0,0.00,0,0.00,0,0.00,0.00,0,0,0,0,1,0.00,0,1,0.00,1,0,0,0,0,0,0,0,0,0,0,0,0,0,0,0,0,0
Mauritania,MR,23,13,1.76,25.87,0,0,0,0,0,0.00,0,0,0.00,0.00,0.00,0.00,0.00,0.00,0.00,0,0.00,0,0.00,0,0.00,0.00,0,0,0,0,0,0.00,0,0,0.00,0,0,0,0,0,0,0,0,0,0,0,0,0,0,0,0,0,0
Suriname,SR,22,17,1.31,24.97,0,0,0,0,0,0.00,0,0,0.00,0.00,0.00,0.00,0.00,0.00,0.00,0,0.00,0,0.00,0,0.00,0.00,0,0,0,0,0,0.00,0,0,0.00,0,0,0,0,0,0,0,0,0,1,1,0,0,0,0,0,0,0
Bahamas,BS,21,18,1.93,32.24,0,0,0,0,0,0.00,0,0,0.00,0.00,0.00,0.00,0.00,0.00,0.00,0,0.00,0,0.00,0,0.00,0.00,0,0,0,0,0,0.00,0,0,0.00,0,0,0,0,0,0,0,0,0,0,0,0,0,0,0,0,0,0
Timor-Leste,TL,21,9,2.34,55.19,0,0,0,0,0,0.00,0,0,0.00,0.00,0.00,0.00,0.00,0.00,0.00,0,0.00,0,0.00,0,0.00,0.00,0,0,0,0,3,0.00,0,3,0.00,3,0,0,0,0,0,0,0,0,0,0,0,0,0,0,0,0,0
Laos,LA,21,13,2.11,56.13,0,0,0,0,0,0.00,0,1,0.00,0.00,0.00,0.00,0.00,0.00,0.00,0,0.00,0,0.00,0,0.00,0.00,0,0,0,0,1,0.00,0,1,0.00,1,0,0,0,0,0,0,0,0,0,0,0,0,0,0,0,0,0
Zimbabwe,ZW,20,18,1.18,19.46,0,0,0,0,0,0.00,0,1,0.00,0.00,0.00,0.00,0.00,0.00,0.00,0,0.00,0,0.00,0,0.00,0.00,0,0,0,0,0,0.00,0,0,0.00,0,0,0,0,0,0,0,0,0,0,0,0,0,0,0,0,0,0
Cape Verde,CV,18,18,1.09,23.77,0,0,0,0,0,0.00,0,0,0.00,0.00,0.00,0.00,0.00,0.00,0.00,0,0.00,0,0.00,0,0.00,0.00,0,0,0,0,0,0.00,0,0,0.00,0,0,0,0,0,0,0,0,0,0,0,0,0,0,0,0,0,0
Uganda,UG,18,15,1.52,31.20,0,0,0,0,0,0.00,0,0,0.00,0.00,0.00,0.00,0.00,0.00,0.00,0,0.00,0,0.00,0,0.00,0.00,0,0,0,0,0,0.00,0,0,0.00,0,0,0,0,0,0,0,0,0,0,0,0,0,0,0,0,0,0
Guadeloupe,GP,18,13,1.63,32.16,0,0,0,0,0,0.00,0,0,0.00,0.00,0.00,0.00,0.00,0.00,0.00,0,0.00,0,0.00,0,0.00,0.00,0,0,0,0,0,0.00,0,0,0.00,0,0,0,0,0,0,0,0,0,0,0,0,0,0,0,0,0,0
Belize,BZ,17,13,1.86,29.21,0,0,0,0,0,0.00,0,0,0.00,0.00,0.00,0.00,0.00,0.00,0.00,0,0.00,0,0.00,0,0.00,0.00,0,0,0,0,0,0.00,0,0,0.00,0,0,0,0,0,0,0,0,0,0,0,0,0,0,0,0,0,0
Rwanda,RW,16,20,0.84,15.65,0,0,0,0,0,0.00,0,0,0.00,0.00,0.00,0.00,0.00,0.00,0.00,0,0.00,0,0.00,0,0.00,0.00,0,0,0,0,0,0.00,0,0,0.00,0,0,0,0,0,0,0,0,0,0,0,0,0,0,0,0,0,0
St. Vincent & Grenadines,VC,16,11,1.97,33.97,0,0,0,0,0,0.00,0,0,0.00,0.00,0.00,0.00,0.00,0.00,0.00,0,0.00,0,0.00,0,0.00,0.00,0,0,0,0,0,0.00,0,0,0.00,0,0,0,0,0,0,0,0,0,0,0,0,0,0,0,0,0,0
French Polynesia,PF,15,15,2.50,63.71,0,0,0,0,0,0.00,0,0,0.00,0.00,0.00,0.00,0.00,0.00,0.00,0,0.00,0,0.00,0,0.00,0.00,0,0,0,0,0,0.00,0,0,0.00,0,0,0,0,0,0,0,0,0,0,0,0,0,0,0,0,0,0
Somalia,SO,14,6,2.29,47.45,0,0,0,0,0,0.00,0,0,0.00,0.00,0.00,0.00,0.00,0.00,0.00,0,0.00,0,0.00,0,0.00,0.00,0,0,0,0,0,0.00,0,0,0.00,0,0,0,0,0,0,0,0,0,0,0,0,0,0,0,0,0,0
Myanmar (Burma),MM,13,12,1.47,32.54,0,0,0,0,0,0.00,0,1,0.00,0.00,0.00,0.00,0.00,0.00,0.00,0,0.00,0,0.00,0,0.00,0.00,0,0,0,0,0,0.00,0,0,0.00,0,0,0,0,0,0,0,0,0,0,0,0,0,0,0,0,0,0
Barbados,BB,13,25,0.84,14.36,0,0,0,0,0,0.00,0,0,0.00,0.00,0.00,0.00,0.00,0.00,0.00,0,0.00,0,0.00,0,0.00,0.00,0,0,0,0,0,0.00,0,0,0.00,0,0,0,0,0,0,0,0,0,0,0,0,0,0,0,0,0,0
St. Lucia,LC,12,12,1.39,24.26,0,0,0,0,0,0.00,0,0,0.00,0.00,0.00,0.00,0.00,0.00,0.00,0,0.00,0,0.00,0,0.00,0.00,0,0,0,0,0,0.00,0,0,0.00,0,0,0,0,0,0,0,0,0,0,0,0,0,0,0,0,0,0
Cuba,CU,12,15,0.96,17.11,0,0,0,0,0,0.00,0,0,0.00,0.00,0.00,0.00,0.00,0.00,0.00,0,0.00,0,0.00,0,0.00,0.00,0,0,0,0,0,0.00,0,0,0.00,0,0,0,0,0,0,0,0,0,0,0,0,0,0,0,0,0,0
Uzbekistan,UZ,12,17,0.70,13.85,0,0,0,0,0,0.00,0,0,0.00,0.00,0.00,0.00,0.00,0.00,0.00,0,0.00,0,0.00,0,0.00,0.00,0,0,0,0,0,0.00,0,0,0.00,0,0,0,0,0,0,0,0,0,0,0,0,0,0,0,0,0,0
Curaçao,CW,12,6,2.00,36.15,0,0,0,0,0,0.00,0,0,0.00,0.00,0.00,0.00,0.00,0.00,0.00,0,0.00,0,0.00,0,0.00,0.00,0,0,0,0,0,0.00,0,0,0.00,0,0,0,0,0,0,0,0,0,0,0,0,0,1,1,0,0,0
New Caledonia,NC,12,14,1.00,14.68,0,0,0,0,0,0.00,0,0,0.00,0.00,0.00,0.00,0.00,0.00,0.00,0,0.00,0,0.00,0,0.00,0.00,0,0,0,0,0,0.00,0,0,0.00,0,0,0,0,0,0,0,0,0,0,0,0,0,0,0,0,0,0
Afghanistan,AF,12,16,0.99,23.22,0,0,0,0,1,0.00,1,2,50.00,0.00,0.00,0.00,0.00,0.00,0.00,0,0.00,0,0.00,0,0.00,0.00,0,0,0,0,0,0.00,0,0,0.00,0,0,0,0,0,0,0,0,0,0,0,0,0,0,0,0,0,0
French Guiana,GF,10,10,1.14,25.00,0,0,0,0,0,0.00,0,0,0.00,0.00,0.00,0.00,0.00,0.00,0.00,0,0.00,0,0.00,0,0.00,0.00,0,0,0,0,0,0.00,0,0,0.00,0,0,0,0,0,0,0,0,0,0,0,0,0,0,0,0,0,0
Brunei,BN,9,17,1.05,20.64,0,0,0,0,0,0.00,0,0,0.00,0.00,0.00,0.00,0.00,0.00,0.00,0,0.00,0,0.00,0,0.00,0.00,0,0,0,0,0,0.00,0,0,0.00,0,0,0,0,0,0,0,0,0,0,0,0,0,0,0,0,0,0
Burundi,BI,9,3,3.16,64.10,0,0,0,0,0,0.00,0,0,0.00,0.00,0.00,0.00,0.00,0.00,0.00,0,0.00,0,0.00,0,0.00,0.00,0,0,0,0,0,0.00,0,0,0.00,0,0,0,0,0,0,0,0,0,0,0,0,0,0,0,0,0,0
Mali,ML,9,5,1.85,35.17,0,0,0,0,0,0.00,0,0,0.00,0.00,0.00,0.00,0.00,0.00,0.00,0,0.00,0,0.00,0,0.00,0.00,0,0,0,0,0,0.00,0,0,0.00,0,0,0,0,0,0,0,0,0,0,0,0,0,0,0,0,0,0
Guyana,GY,9,5,1.85,36.94,0,0,0,0,0,0.00,0,0,0.00,0.00,0.00,0.00,0.00,0.00,0.00,0,0.00,0,0.00,0,0.00,0.00,0,0,0,0,0,0.00,0,0,0.00,0,0,0,0,0,0,0,0,0,0,0,0,0,0,0,0,0,0
Cameroon,CM,9,14,0.69,12.30,0,0,0,0,0,0.00,0,0,0.00,0.00,0.00,0.00,0.00,0.00,0.00,0,0.00,0,0.00,0,0.00,0.00,0,0,0,0,0,0.00,0,0,0.00,0,0,0,0,0,0,0,0,0,0,0,0,0,0,0,0,0,0
Andorra,AD,9,4,4.44,62.32,0,0,0,0,0,0.00,0,0,0.00,0.00,0.00,0.00,0.00,0.00,0.00,0,0.00,0,0.00,0,0.00,0.00,0,0,0,0,0,0.00,0,0,0.00,0,0,0,0,0,0,0,0,0,0,0,0,0,0,0,0,0,0
Zambia,ZM,8,6,1.69,30.70,0,0,0,0,0,0.00,0,0,0.00,0.00,0.00,0.00,0.00,0.00,0.00,0,0.00,0,0.00,0,0.00,0.00,0,0,0,0,0,0.00,0,0,0.00,0,0,0,0,0,0,0,0,0,0,0,0,0,0,0,0,0,0
Dominica,DM,7,8,0.99,25.00,0,0,0,0,0,0.00,0,0,0.00,0.00,0.00,0.00,0.00,0.00,0.00,0,0.00,0,0.00,0,0.00,0.00,0,0,0,0,0,0.00,0,0,0.00,0,0,0,0,0,0,0,0,0,0,0,0,0,0,0,0,0,0
Congo (DRC),CD,7,6,1.16,19.03,0,0,0,0,0,0.00,0,0,0.00,0.00,0.00,0.00,0.00,0.00,0.00,0,0.00,0,0.00,0,0.00,0.00,0,0,0,0,0,0.00,0,0,0.00,0,0,0,0,0,0,0,0,0,0,0,0,0,0,0,0,0,0
Bermuda,BM,6,5,1.28,16.80,0,0,0,0,0,0.00,0,0,0.00,0.00,0.00,0.00,0.00,0.00,0.00,0,0.00,0,0.00,0,0.00,0.00,0,0,0,0,0,0.00,0,0,0.00,0,0,0,0,0,0,0,0,0,0,0,0,0,0,0,0,0,0
San Marino,SM,6,6,1.05,24.27,0,0,0,0,0,0.00,0,0,0.00,0.00,0.00,0.00,0.00,0.00,0.00,0,0.00,0,0.00,0,0.00,0.00,0,0,0,0,0,0.00,0,0,0.00,0,0,0,0,0,0,0,0,0,0,0,0,0,0,0,0,0,0
Northern Mariana Islands,MP,6,3,2.09,37.30,0,0,0,0,0,0.00,0,0,0.00,0.00,0.00,0.00,0.00,0.00,0.00,0,0.00,0,0.00,0,0.00,0.00,0,0,0,0,0,0.00,0,0,0.00,0,0,0,0,0,0,0,0,0,0,0,0,0,0,0,0,0,0
Monaco,MC,6,6,1.23,27.37,0,0,0,0,0,0.00,0,0,0.00,0.00,0.00,0.00,0.00,0.00,0.00,0,0.00,0,0.00,0,0.00,0.00,0,0,0,0,0,0.00,0,0,0.00,0,0,0,0,0,0,0,0,0,0,0,0,0,0,0,0,0,0
Benin,BJ,6,4,1.97,55.06,0,0,0,0,0,0.00,0,0,0.00,0.00,0.00,0.00,0.00,0.00,0.00,0,0.00,0,0.00,0,0.00,0.00,0,0,0,0,0,0.00,0,0,0.00,0,0,0,0,0,0,0,0,0,0,0,0,0,0,0,0,0,0
Aruba,AW,5,6,1.36,25.36,0,0,0,0,0,0.00,0,0,0.00,0.00,0.00,0.00,0.00,0.00,0.00,0,0.00,0,0.00,0,0.00,0.00,0,0,0,0,0,0.00,0,0,0.00,0,0,0,0,0,0,0,0,0,0,0,0,0,0,0,0,0,0
Greenland,GL,5,5,1.07,24.75,0,0,0,0,0,0.00,0,0,0.00,0.00,0.00,0.00,0.00,0.00,0.00,0,0.00,0,0.00,0,0.00,0.00,0,0,0,0,0,0.00,0,0,0.00,0,0,0,0,0,0,0,0,0,0,0,0,0,0,0,0,0,0
Malawi,MW,5,6,1.33,27.38,0,0,0,0,0,0.00,0,0,0.00,0.00,0.00,0.00,0.00,0.00,0.00,0,0.00,0,0.00,0,0.00,0.00,0,0,0,0,0,0.00,0,0,0.00,0,0,0,0,0,0,0,0,0,0,0,0,0,0,0,0,0,0
Fiji,FJ,5,5,1.06,15.10,0,0,0,0,0,0.00,0,0,0.00,0.00,0.00,0.00,0.00,0.00,0.00,0,0.00,0,0.00,0,0.00,0.00,0,0,0,0,0,0.00,0,0,0.00,0,0,0,0,0,0,0,0,0,0,0,0,0,0,0,0,0,0
Maldives,MV,5,20,0.38,9.48,0,0,0,0,0,0.00,0,2,0.00,0.00,0.00,0.00,0.00,0.00,0.00,0,0.00,0,0.00,0,0.00,0.00,0,0,0,0,0,0.00,0,0,0.00,0,0,0,0,0,0,0,0,0,0,0,0,0,0,0,0,0,0
Turks & Caicos Islands,TC,5,3,1.75,66.77,0,0,0,0,0,0.00,0,0,0.00,0.00,0.00,0.00,0.00,0.00,0.00,0,0.00,0,0.00,0,0.00,0.00,0,0,0,0,0,0.00,0,0,0.00,0,0,0,0,0,0,0,0,0,0,0,0,0,0,0,0,0,0
Djibouti,DJ,5,2,2.58,48.46,0,0,0,0,0,0.00,0,0,0.00,0.00,0.00,0.00,0.00,0.00,0.00,0,0.00,0,0.00,0,0.00,0.00,0,0,0,0,0,0.00,0,0,0.00,0,0,0,0,0,0,0,0,0,0,0,0,0,0,0,0,0,0
Tajikistan,TJ,5,3,1.70,27.04,0,0,0,0,0,0.00,0,0,0.00,0.00,0.00,0.00,0.00,0.00,0.00,0,0.00,0,0.00,0,0.00,0.00,0,0,0,0,0,0.00,0,0,0.00,0,0,0,0,0,0,0,0,0,0,0,0,0,0,0,0,0,0
Faroe Islands,FO,5,5,1.24,35.91,0,0,0,0,0,0.00,0,0,0.00,0.00,0.00,0.00,0.00,0.00,0.00,0,0.00,0,0.00,0,0.00,0.00,0,0,0,0,0,0.00,0,0,0.00,0,0,0,0,0,0,0,0,0,0,0,0,0,0,0,0,0,0
Gabon,GA,5,2,2.42,30.99,0,0,0,0,0,0.00,0,0,0.00,0.00,0.00,0.00,0.00,0.00,0.00,0,0.00,0,0.00,0,0.00,0.00,0,0,0,0,0,0.00,0,0,0.00,0,0,0,0,0,0,0,0,0,0,0,0,0,0,0,0,0,0
Jersey,JE,5,8,0.65,11.97,0,0,0,0,0,0.00,0,0,0.00,0.00,0.00,0.00,0.00,0.00,0.00,0,0.00,0,0.00,0,0.00,0.00,0,0,0,0,0,0.00,0,0,0.00,0,0,0,0,0,0,0,0,0,0,0,0,0,0,0,0,0,0
Cayman Islands,KY,4,5,1.49,32.13,0,0,0,0,0,0.00,0,0,0.00,0.00,0.00,0.00,0.00,0.00,0.00,0,0.00,0,0.00,0,0.00,0.00,0,0,0,0,0,0.00,0,0,0.00,0,0,0,0,0,0,0,0,0,0,0,0,0,0,0,0,0,0
Namibia,NA,4,8,1.00,23.69,0,0,0,0,0,0.00,0,0,0.00,0.00,0.00,0.00,0.00,0.00,0.00,0,0.00,0,0.00,0,0.00,0.00,0,0,0,0,0,0.00,0,0,0.00,0,0,0,0,0,0,0,0,0,0,0,0,0,0,0,0,0,0
Botswana,BW,4,4,0.93,21.87,0,0,0,0,0,0.00,0,0,0.00,0.00,0.00,0.00,0.00,0.00,0.00,0,0.00,0,0.00,0,0.00,0.00,0,0,0,0,0,0.00,0,0,0.00,0,0,0,0,0,0,0,0,0,0,0,0,0,0,0,0,0,0
Gibraltar,GI,4,6,0.91,22.59,0,0,0,0,0,0.00,0,0,0.00,0.00,0.00,0.00,0.00,0.00,0.00,0,0.00,0,0.00,0,0.00,0.00,0,0,0,0,0,0.00,0,0,0.00,0,0,0,0,0,0,0,0,0,0,0,0,0,0,0,0,0,0
Congo (Republic),CG,4,2,1.80,25.24,0,0,0,0,0,0.00,0,0,0.00,0.00,0.00,0.00,0.00,0.00,0.00,0,0.00,0,0.00,0,0.00,0.00,0,0,0,0,0,0.00,0,0,0.00,0,0,0,0,0,0,0,0,0,0,0,0,0,0,0,0,0,0
Grenada,GD,4,11,0.35,5.34,0,0,0,0,0,0.00,0,0,0.00,0.00,0.00,0.00,0.00,0.00,0.00,0,0.00,0,0.00,0,0.00,0.00,0,0,0,0,6,0.00,0,6,0.00,6,0,0,0,0,0,0,0,0,0,0,0,0,0,0,0,0,0
St. Kitts & Nevis,KN,3,1,3.36,84.05,0,0,0,0,0,0.00,0,0,0.00,0.00,0.00,0.00,0.00,0.00,0.00,0,0.00,0,0.00,0,0.00,0.00,0,0,0,0,0,0.00,0,0,0.00,0,0,0,0,0,0,0,0,0,0,0,0,0,0,0,0,0,0
St. Martin,MF,2,2,0.80,19.86,0,1,1,0,0,0.00,0,0,0.00,0.00,0.00,0.00,0.00,0.00,0.00,0,0.00,0,0.00,0,0.00,0.00,0,0,0,0,0,0.00,0,0,0.00,0,0,0,0,0,0,0,0,0,0,0,0,0,0,0,0,0,0
Isle of Man,IM,2,6,0.51,7.81,0,0,0,0,0,0.00,0,0,0.00,0.00,0.00,0.00,0.00,0.00,0.00,0,0.00,0,0.00,0,0.00,0.00,0,0,0,0,0,0.00,0,0,0.00,0,0,0,0,0,0,0,0,0,0,0,0,0,0,0,0,0,0
Solomon Islands,SB,1,1,1.42,13.75,0,0,0,0,0,0.00,0,0,0.00,0.00,0.00,0.00,0.00,0.00,0.00,0,0.00,0,0.00,0,0.00,0.00,0,0,0,0,0,0.00,0,0,0.00,0,0,0,0,0,0,0,0,0,0,0,0,0,0,0,0,0,0
São Tomé & Príncipe,ST,1,1,1.19,36.84,0,0,0,0,0,0.00,0,0,0.00,0.00,0.00,0.00,0.00,0.00,0.00,0,0.00,0,0.00,0,0.00,0.00,0,0,0,0,0,0.00,0,0,0.00,0,0,0,0,0,0,0,0,0,0,0,0,0,0,0,0,0,0
Guam,GU,1,5,0.29,5.32,0,0,0,0,0,0.00,0,0,0.00,0.00,0.00,0.00,0.00,0.00,0.00,0,0.00,0,0.00,0,0.00,0.00,0,0,0,0,0,0.00,0,0,0.00,0,0,0,0,0,0,0,0,0,0,0,0,0,0,0,0,0,0
Burkina Faso,BF,1,2,0.58,11.64,0,0,0,0,0,0.00,0,0,0.00,0.00,0.00,0.00,0.00,0.00,0.00,0,0.00,0,0.00,0,0.00,0.00,0,0,0,0,0,0.00,0,0,0.00,0,0,0,0,0,0,0,0,0,0,0,0,0,0,0,0,0,0
Niger,NE,1,1,1.10,49.80,0,0,0,0,0,0.00,0,0,0.00,0.00,0.00,0.00,0.00,0.00,0.00,0,0.00,0,0.00,0,0.00,0.00,0,0,0,0,0,0.00,0,0,0.00,0,0,0,0,0,0,0,0,0,0,0,0,0,0,0,0,0,0
Papua New Guinea,PG,1,1,0.99,13.12,0,0,0,0,0,0.00,0,0,0.00,0.00,0.00,0.00,0.00,0.00,0.00,0,0.00,0,0.00,0,0.00,0.00,0,0,0,0,0,0.00,0,0,0.00,0,0,0,0,0,0,0,0,0,0,0,0,0,0,0,0,0,0
Bhutan,BT,1,2,0.46,10.89,0,0,0,0,0,0.00,0,0,0.00,0.00,0.00,0.00,0.00,0.00,0.00,0,0.00,0,0.00,0,0.00,0.00,0,0,0,0,0,0.00,0,0,0.00,0,0,0,0,0,0,0,0,0,0,0,0,0,0,0,0,0,0
Vanuatu,VU,1,1,0.81,17.63,0,0,0,0,0,0.00,0,0,0.00,0.00,0.00,0.00,0.00,0.00,0.00,0,0.00,0,0.00,0,0.00,0.00,0,0,0,0,0,0.00,0,0,0.00,0,0,0,0,0,0,0,0,0,0,0,0,0,0,0,0,0,0
Antigua & Barbuda,AG,1,3,0.34,9.07,0,0,0,0,0,0.00,0,0,0.00,0.00,0.00,0.00,0.00,0.00,0.00,0,0.00,0,0.00,0,0.00,0.00,0,0,0,0,0,0.00,0,0,0.00,0,0,0,0,0,0,0,0,0,0,0,0,0,0,0,0,0,0
Turkmenistan,TM,1,2,0.33,5.76,0,0,0,0,0,0.00,0,0,0.00,0.00,0.00,0.00,0.00,0.00,0.00,0,0.00,0,0.00,0,0.00,0.00,0,0,0,0,0,0.00,0,0,0.00,0,0,0,0,0,0,0,0,0,0,0,0,0,0,0,0,0,0
Sint Maarten,SX,1,1,0.51,13.85,0,0,0,0,0,0.00,0,0,0.00,0.00,0.00,0.00,0.00,0.00,0.00,0,0.00,0,0.00,0,0.00,0.00,0,0,0,0,0,0.00,0,0,0.00,0,0,0,0,0,0,0,0,0,0,0,0,0,0,0,0,0,0
Tonga,TO,0,1,0.41,7.16,0,0,0,0,0,0.00,0,0,0.00,0.00,0.00,0.00,0.00,0.00,0.00,0,0.00,0,0.00,0,0.00,0.00,0,0,0,0,0,0.00,0,0,0.00,0,0,0,0,0,0,0,0,0,0,0,0,0,0,0,0,0,0
Guernsey,GG,0,1,0.38,5.34,0,0,0,0,0,0.00,0,0,0.00,0.00,0.00,0.00,0.00,0.00,0.00,0,0.00,0,0.00,0,0.00,0.00,0,0,0,0,0,0.00,0,0,0.00,0,0,0,0,0,0,0,0,0,0,0,0,0,0,0,0,0,0
Lesotho,LS,0,1,0.31,5.38,0,0,0,0,0,0.00,0,0,0.00,0.00,0.00,0.00,0.00,0.00,0.00,0,0.00,0,0.00,0,0.00,0.00,0,0,0,0,0,0.00,0,0,0.00,0,0,0,0,0,0,0,0,0,0,0,0,0,0,0,0,0,0
Mayotte,YT,0,1,0.22,15.08,0,0,0,0,0,0.00,0,0,0.00,0.00,0.00,0.00,0.00,0.00,0.00,0,0.00,0,0.00,0,0.00,0.00,0,0,0,0,0,0.00,0,0,0.00,0,0,0,0,0,0,0,0,0,0,0,0,0,0,0,0,0,0
Comoros,KM,0,2,0.11,3.30,0,0,0,0,0,0.00,0,0,0.00,0.00,0.00,0.00,0.00,0.00,0.00,0,0.00,0,0.00,0,0.00,0.00,0,0,0,0,0,0.00,0,0,0.00,0,0,0,0,0,0,0,0,0,0,0,0,0,0,0,0,0,0
Åland Islands,AX,0,1,0.00,0.00,0,0,0,0,0,0.00,0,0,0.00,0.00,0.00,0.00,0.00,0.00,0.00,0,0.00,0,0.00,0,0.00,0.00,0,0,0,0,0,0.00,0,0,0.00,0,0,0,0,0,0,0,0,0,0,0,0,0,0,0,0,0,0
Anguilla,AI,0,2,0.00,0.00,0,0,0,0,0,0.00,0,0,0.00,0.00,0.00,0.00,0.00,0.00,0.00,0,0.00,0,0.00,0,0.00,0.00,0,0,0,0,0,0.00,0,0,0.00,0,0,0,0,0,0,0,0,0,0,0,0,0,0,0,0,0,0
Netherlands Antilles,AN,0,4,0.00,0.00,0,0,0,0,0,0.00,0,0,0.00,0.00,0.00,0.00,0.00,0.00,0.00,0,0.00,0,0.00,0,0.00,0.00,0,0,0,0,0,0.00,0,0,0.00,0,0,0,0,0,0,0,0,0,0,0,0,0,0,0,0,0,0
Seychelles,SC,0,1,0.00,0.00,0,0,0,0,0,0.00,0,0,0.00,0.00,0.00,0.00,0.00,0.00,0.00,0,0.00,0,0.00,0,0.00,0.00,0,0,0,0,0,0.00,0,0,0.00,0,0,0,0,0,0,0,0,0,0,0,0,0,0,0,0,0,0
