Date,Watch time (minutes),Views,Average view duration (minutes),Average percentage viewed,Unique cookies (web only),Watch time (hours),Subscriber views,Subscriber minutes watched,Card clicks,Card impressions,Card click rate,Card teaser clicks,Card teaser impressions,Card teaser click rate,Total estimated earnings (USD),YouTube Red earnings (USD),Ad earnings (USD),AdSense earnings (USD),DoubleClick earnings (USD),Transaction earnings (USD),Transactions,Earnings per transaction (USD),Estimated monetized playbacks,Playback-based CPM (USD),Impressions,Impression-based CPM (USD),Gross revenue (USD),YouTube Red watch time (minutes),YouTube Red views,YouTube Red watch time (hours),Clicks,Clickable impressions,Click through rate,Closes,Closable impressions,Close rate,Impressions,Videos published,Videos added,Likes,Likes added,Likes removed,Dislikes,Dislikes added,Dislikes removed,Shares,Comments,Favorites,Favorites added,Favorites removed,Videos in playlists,Videos added to playlists,Videos removed from playlists,Subscribers,Subscribers gained,Subscribers lost
"Jan 01, 2015",476,257,1.85,37.24,144,8,0,0,,,0.00,,,0.00,0.00,0.00,0.00,0.00,0.00,0.00,0,0.00,0,0.00,0,0.00,0.00,0,,0,0,11,0.00,1,11,9.09,11,0,0,0,0,0,0,0,0,0,0,0,0,0,-1,0,1,0,1,1
"Jan 02, 2015",516,286,1.80,36.45,177,9,1,4,,,0.00,,,0.00,0.00,0.00,0.00,0.00,0.00,0.00,0,0.00,0,0.00,0,0.00,0.00,0,,0,1,9,11.11,2,9,22.22,9,0,0,0,0,0,0,0,0,0,0,1,1,0,2,2,0,0,0,0
"Jan 03, 2015",597,411,1.45,29.59,203,10,3,5,,,0.00,,,0.00,0.00,0.00,0.00,0.00,0.00,0.00,0,0.00,0,0.00,0,0.00,0.00,0,,0,0,16,0.00,4,16,25.00,16,0,0,1,1,0,0,0,0,0,0,0,0,0,2,2,0,2,2,0
"Jan 04, 2015",699,427,1.64,33.35,199,12,5,4,,,0.00,,,0.00,0.00,0.00,0.00,0.00,0.00,0.00,0,0.00,0,0.00,0,0.00,0.00,0,,0,1,27,3.70,2,27,7.41,27,0,0,0,0,0,0,0,0,0,0,0,0,0,0,0,0,3,3,0
"Jan 05, 2015",571,337,1.69,37.76,186,10,42,78,,,0.00,,,0.00,0.00,0.00,0.00,0.00,0.00,0.00,0,0.00,0,0.00,0,0.00,0.00,0,,0,0,13,0.00,2,13,15.38,13,0,0,1,2,1,0,0,0,0,0,0,0,0,3,5,2,1,1,0
"Jan 06, 2015",520,318,1.64,33.23,191,9,26,27,,,0.00,,,0.00,0.00,0.00,0.00,0.00,0.00,0.00,0,0.00,0,0.00,0,0.00,0.00,0,,0,2,26,7.69,4,27,14.81,27,0,0,0,0,0,0,0,0,0,0,0,0,0,1,1,0,1,1,0
"Jan 07, 2015",560,299,1.87,39.50,172,9,4,7,,,0.00,,,0.00,0.00,0.00,0.00,0.00,0.00,0.00,0,0.00,0,0.00,0,0.00,0.00,0,,0,1,19,5.26,2,19,10.53,19,0,0,1,1,0,1,1,0,0,0,0,0,0,0,2,2,1,1,0
"Jan 08, 2015",473,292,1.62,32.39,202,8,0,0,,,0.00,,,0.00,0.00,0.00,0.00,0.00,0.00,0.00,0,0.00,0,0.00,0,0.00,0.00,0,,0,0,15,0.00,3,15,20.00,15,0,0,0,0,0,1,1,0,0,0,0,0,0,0,1,1,0,0,0
"Jan 09, 2015",451,298,1.51,30.33,191,8,14,52,,,0.00,,,0.00,0.00,0.00,0.00,0.00,0.00,0.00,0,0.00,0,0.00,0,0.00,0.00,0,,0,0,9,0.00,1,10,10.00,10,0,0,0,0,0,0,0,0,0,0,0,0,0,1,1,0,0,0,0
"Jan 10, 2015",430,286,1.50,29.28,178,7,7,28,,,0.00,,,0.00,0.00,0.00,0.00,0.00,0.00,0.00,0,0.00,0,0.00,0,0.00,0.00,0,,0,0,9,0.00,2,9,22.22,9,0,0,0,0,0,0,0,0,0,0,1,1,0,2,2,0,0,0,0
"Jan 11, 2015",832,395,2.11,43.70,203,14,4,11,,,0.00,,,0.00,0.00,0.00,0.00,0.00,0.00,0.00,0,0.00,0,0.00,0,0.00,0.00,0,,0,0,19,0.00,1,19,5.26,19,0,0,0,0,0,0,0,0,0,0,0,0,0,-1,0,1,1,2,1
"Jan 12, 2015",453,266,1.70,34.71,172,8,0,0,,,0.00,,,0.00,0.00,0.00,0.00,0.00,0.00,0.00,0,0.00,0,0.00,0,0.00,0.00,0,,0,0,18,0.00,5,19,26.32,19,0,0,1,1,0,0,0,0,0,1,0,1,1,0,2,2,0,0,0
"Jan 13, 2015",462,288,1.61,32.74,168,8,10,17,,,0.00,,,0.00,0.00,0.00,0.00,0.00,0.00,0.00,0,0.00,0,0.00,0,0.00,0.00,0,,0,0,9,0.00,3,9,33.33,9,0,0,1,1,0,0,0,0,0,0,0,0,0,0,0,0,2,2,0
"Jan 14, 2015",416,287,1.45,31.20,195,7,23,20,,,0.00,,,0.00,0.00,0.00,0.00,0.00,0.00,0.00,0,0.00,0,0.00,0,0.00,0.00,0,,0,0,4,0.00,0,4,0.00,4,0,0,0,0,0,0,0,0,0,0,0,0,0,0,0,0,0,0,0
"Jan 15, 2015",463,279,1.66,34.22,191,8,0,0,,,0.00,,,0.00,0.00,0.00,0.00,0.00,0.00,0.00,0,0.00,0,0.00,0,0.00,0.00,0,,0,0,16,0.00,3,16,18.75,16,0,0,1,1,0,0,0,0,0,0,0,0,0,2,2,0,2,2,0
"Jan 16, 2015",398,261,1.53,32.12,170,7,0,0,,,0.00,,,0.00,0.00,0.00,0.00,0.00,0.00,0.00,0,0.00,0,0.00,0,0.00,0.00,0,,0,0,11,0.00,1,12,8.33,12,0,0,1,1,0,0,0,0,0,0,0,0,0,0,0,0,1,1,0
"Jan 17, 2015",416,340,1.22,24.36,183,7,4,4,,,0.00,,,0.00,0.00,0.00,0.00,0.00,0.00,0.00,0,0.00,0,0.00,0,0.00,0.00,0,,0,0,17,0.00,2,17,11.76,17,0,0,0,0,0,0,0,0,0,0,0,0,0,1,1,0,2,2,0
"Jan 18, 2015",786,378,2.08,45.11,199,13,87,323,,,0.00,,,0.00,0.00,0.00,0.00,0.00,0.00,0.00,0,0.00,0,0.00,0,0.00,0.00,0,,0,1,36,2.78,2,36,5.56,36,0,0,0,0,0,0,0,0,0,0,0,0,0,2,2,0,1,1,0
"Jan 19, 2015",512,273,1.87,38.47,189,9,1,0,,,0.00,,,0.00,0.00,0.00,0.00,0.00,0.00,0.00,0,0.00,0,0.00,0,0.00,0.00,0,,0,0,17,0.00,2,17,11.76,17,0,0,0,0,0,0,0,0,0,0,0,0,0,0,1,1,1,1,0
"Jan 20, 2015",454,295,1.54,32.35,197,8,5,8,,,0.00,,,0.00,0.00,0.00,0.00,0.00,0.00,0.00,0,0.00,0,0.00,0,0.00,0.00,0,,0,0,25,0.00,4,25,16.00,25,0,0,0,0,0,0,0,0,0,0,0,0,0,1,2,1,1,1,0
"Jan 21, 2015",634,381,1.66,36.26,214,11,39,94,,,0.00,,,0.00,0.00,0.00,0.00,0.00,0.00,0.00,0,0.00,0,0.00,0,0.00,0.00,0,,0,0,29,0.00,6,30,20.00,30,0,0,0,0,0,0,0,0,0,0,0,0,0,0,0,0,-1,1,2
"Jan 22, 2015",594,332,1.79,37.43,176,10,47,130,,,0.00,,,0.00,0.00,0.00,0.00,0.00,0.00,0.00,0,0.00,0,0.00,0,0.00,0.00,0,,0,0,28,0.00,7,29,24.14,29,0,0,0,0,0,0,0,0,0,0,0,0,0,1,3,2,3,3,0
"Jan 23, 2015",406,310,1.31,27.57,170,7,3,1,,,0.00,,,0.00,0.00,0.00,0.00,0.00,0.00,0.00,0,0.00,0,0.00,0,0.00,0.00,0,,0,0,15,0.00,4,15,26.67,15,0,0,0,0,0,0,0,0,0,0,0,0,0,0,0,0,0,0,0
"Jan 24, 2015",438,278,1.57,32.13,175,7,0,0,,,0.00,,,0.00,0.00,0.00,0.00,0.00,0.00,0.00,0,0.00,0,0.00,0,0.00,0.00,0,,0,0,16,0.00,0,16,0.00,16,0,0,1,1,0,0,0,0,0,0,0,0,0,0,0,0,4,4,0
"Jan 25, 2015",629,356,1.77,37.83,193,10,5,9,,,0.00,,,0.00,0.00,0.00,0.00,0.00,0.00,0.00,0,0.00,0,0.00,0,0.00,0.00,0,,0,1,28,3.57,3,28,10.71,28,0,0,2,2,0,1,1,0,0,0,0,0,0,1,2,1,0,2,2
"Jan 26, 2015",728,377,1.93,41.10,197,12,17,31,,,0.00,,,0.00,0.00,0.00,0.00,0.00,0.00,0.00,0,0.00,0,0.00,0,0.00,0.00,0,,0,0,8,0.00,1,8,12.50,8,0,0,0,0,0,0,0,0,0,0,1,1,0,1,2,1,1,1,0
"Jan 27, 2015",641,440,1.46,32.23,275,11,27,33,,,0.00,,,0.00,0.00,0.00,0.00,0.00,0.00,0.00,0,0.00,0,0.00,0,0.00,0.00,0,,0,0,8,0.00,1,8,12.50,8,1,1,0,0,0,0,0,0,0,3,0,0,0,-1,5,6,0,0,0
"Jan 28, 2015",1045,494,2.11,44.98,279,17,106,463,,,0.00,,,0.00,0.00,0.00,0.00,0.00,0.00,0.00,0,0.00,0,0.00,0,0.00,0.00,0,,0,1,12,8.33,1,12,8.33,12,1,1,3,3,0,1,1,0,0,5,0,0,0,5,5,0,0,1,1
"Jan 29, 2015",684,416,1.64,37.43,259,11,50,79,,,0.00,,,0.00,0.00,0.00,0.00,0.00,0.00,0.00,0,0.00,0,0.00,0,0.00,0.00,0,,0,0,26,0.00,3,26,11.54,26,1,1,5,5,0,0,0,0,0,4,0,0,0,5,5,0,2,3,1
"Jan 30, 2015",456,339,1.34,29.50,239,8,20,21,,,0.00,,,0.00,0.00,0.00,0.00,0.00,0.00,0.00,0,0.00,0,0.00,0,0.00,0.00,0,,0,1,19,5.26,1,19,5.26,19,1,1,3,3,0,0,0,0,0,1,0,0,0,6,9,3,0,1,1
"Jan 31, 2015",718,427,1.68,35.66,251,12,18,40,,,0.00,,,0.00,0.00,0.00,0.00,0.00,0.00,0.00,0,0.00,0,0.00,0,0.00,0.00,0,,0,0,6,0.00,1,6,16.67,6,0,0,2,2,0,0,0,0,0,0,0,0,0,-2,0,2,1,1,0
"Feb 01, 2015",749,446,1.68,35.32,276,12,22,72,,,0.00,,,0.00,0.00,0.00,0.00,0.00,0.00,0.00,0,0.00,0,0.00,0,0.00,0.00,0,,0,0,16,0.00,3,16,18.75,16,1,2,3,3,0,0,0,0,0,1,0,0,0,7,12,5,2,3,1
"Feb 02, 2015",579,362,1.60,32.31,227,10,29,85,,,0.00,,,0.00,0.00,0.00,0.00,0.00,0.00,0.00,0,0.00,0,0.00,0,0.00,0.00,0,,0,0,16,0.00,4,17,23.53,17,1,0,2,2,0,0,0,0,0,1,0,0,0,2,2,0,1,2,1
"Feb 03, 2015",591,360,1.64,33.71,217,10,22,62,,,0.00,,,0.00,0.00,0.00,0.00,0.00,0.00,0.00,0,0.00,0,0.00,0,0.00,0.00,0,,0,0,12,0.00,4,12,33.33,12,1,1,1,1,0,0,0,0,1,5,0,0,0,5,6,1,-2,0,2
"Feb 04, 2015",594,325,1.83,39.16,221,10,36,96,,,0.00,,,0.00,0.00,0.00,0.00,0.00,0.00,0.00,0,0.00,0,0.00,0,0.00,0.00,0,,0,0,13,0.00,2,13,15.38,13,1,1,0,0,0,0,0,0,0,10,0,0,0,4,5,1,2,2,0
"Feb 05, 2015",543,366,1.48,30.79,227,9,13,30,,,0.00,,,0.00,0.00,0.00,0.00,0.00,0.00,0.00,0,0.00,0,0.00,0,0.00,0.00,0,,0,0,22,0.00,6,22,27.27,22,0,0,2,2,0,0,0,0,0,2,0,0,0,0,0,0,1,1,0
"Feb 06, 2015",636,408,1.56,33.43,261,11,12,22,,,0.00,,,0.00,0.00,0.00,0.00,0.00,0.00,0.00,0,0.00,0,0.00,0,0.00,0.00,0,,0,0,11,0.00,0,11,0.00,11,1,1,1,1,0,0,0,0,0,1,0,0,0,4,5,1,0,0,0
"Feb 07, 2015",686,424,1.62,35.35,253,11,24,59,,,0.00,,,0.00,0.00,0.00,0.00,0.00,0.00,0.00,0,0.00,0,0.00,0,0.00,0.00,0,,0,0,2,0.00,0,3,0.00,3,1,1,1,1,0,0,0,0,0,1,0,0,0,7,7,0,3,3,0
"Feb 08, 2015",1192,672,1.77,39.86,259,20,237,481,,,0.00,,,0.00,0.00,0.00,0.00,0.00,0.00,0.00,0,0.00,0,0.00,0,0.00,0.00,0,,0,0,19,0.00,3,19,15.79,19,1,1,3,3,0,0,0,0,0,1,0,0,0,8,8,0,-1,2,3
"Feb 09, 2015",619,365,1.70,35.75,232,10,48,106,,,0.00,,,0.00,0.00,0.00,0.00,0.00,0.00,0.00,0,0.00,0,0.00,0,0.00,0.00,0,,0,0,12,0.00,1,12,8.33,12,0,0,3,3,0,0,0,0,0,0,0,0,0,3,4,1,3,3,0
"Feb 10, 2015",618,347,1.78,38.13,223,10,21,43,,,0.00,,,0.00,0.00,0.00,0.00,0.00,0.00,0.00,0,0.00,0,0.00,0,0.00,0.00,0,,0,1,29,3.45,4,29,13.79,29,1,1,0,0,0,0,0,0,0,1,0,0,0,2,4,2,1,1,0
"Feb 11, 2015",856,441,1.94,40.59,214,14,96,292,,,0.00,,,0.00,0.00,0.00,0.00,0.00,0.00,0.00,0,0.00,0,0.00,0,0.00,0.00,0,,0,0,27,0.00,1,27,3.70,27,1,1,0,0,0,0,0,0,0,1,0,0,0,3,3,0,0,1,1
"Feb 12, 2015",574,342,1.68,36.86,202,10,35,78,,,0.00,,,0.00,0.00,0.00,0.00,0.00,0.00,0.00,0,0.00,0,0.00,0,0.00,0.00,0,,0,0,16,0.00,4,16,25.00,16,2,2,2,2,0,0,0,0,0,4,0,0,0,5,6,1,1,1,0
"Feb 13, 2015",555,325,1.71,37.12,207,9,16,39,,,0.00,,,0.00,0.00,0.00,0.00,0.00,0.00,0.00,0,0.00,0,0.00,0,0.00,0.00,0,,0,0,17,0.00,2,17,11.76,17,1,1,2,2,0,0,0,0,0,1,0,0,0,5,6,1,0,1,1
"Feb 14, 2015",611,335,1.82,34.75,206,10,18,44,,,0.00,,,0.00,0.00,0.00,0.00,0.00,0.00,0.00,0,0.00,0,0.00,0,0.00,0.00,0,,0,0,13,0.00,2,13,15.38,13,1,1,0,0,0,1,1,0,0,1,0,0,0,2,3,1,-1,1,2
"Feb 15, 2015",720,472,1.53,31.14,269,12,23,43,,,0.00,,,0.00,0.00,0.00,0.00,0.00,0.00,0.00,0,0.00,0,0.00,0,0.00,0.00,0,,0,0,21,0.00,2,21,9.52,21,0,0,3,3,0,0,0,0,0,10,0,0,0,-2,3,5,2,2,0
"Feb 16, 2015",797,514,1.55,29.26,351,13,37,61,,,0.00,,,0.00,0.00,0.00,0.00,0.00,0.00,0.00,0,0.00,0,0.00,0,0.00,0.00,0,,0,0,7,0.00,2,7,28.57,7,1,4,7,7,0,0,0,0,0,1,0,0,0,2,4,2,1,1,0
"Feb 17, 2015",693,414,1.67,33.89,254,12,34,58,,,0.00,,,0.00,0.00,0.00,0.00,0.00,0.00,0.00,0,0.00,0,0.00,0,0.00,0.00,0,,0,0,31,0.00,4,31,12.90,31,3,0,2,2,0,0,0,0,1,3,0,0,0,8,8,0,1,2,1
"Feb 18, 2015",715,443,1.61,31.97,274,12,40,57,,,0.00,,,0.00,0.00,0.00,0.00,0.00,0.00,0.00,0,0.00,0,0.00,0,0.00,0.00,0,,0,0,21,0.00,2,22,9.09,22,3,3,3,4,1,0,0,0,0,3,0,0,0,8,12,4,3,3,0
"Feb 19, 2015",543,372,1.46,28.80,254,9,16,38,,,0.00,,,0.00,0.00,0.00,0.00,0.00,0.00,0.00,0,0.00,0,0.00,0,0.00,0.00,0,,0,1,21,4.76,5,21,23.81,21,0,0,2,2,0,0,0,0,0,0,0,0,0,0,3,3,1,1,0
"Feb 20, 2015",669,412,1.62,32.05,265,11,24,43,,,0.00,,,0.00,0.00,0.00,0.00,0.00,0.00,0.00,0,0.00,0,0.00,0,0.00,0.00,0,,0,0,26,0.00,3,26,11.54,26,2,2,0,0,0,0,0,0,0,2,0,0,0,10,12,2,1,1,0
"Feb 21, 2015",523,368,1.42,28.44,230,9,39,73,,,0.00,,,0.00,0.00,0.00,0.00,0.00,0.00,0.00,0,0.00,0,0.00,0,0.00,0.00,0,,0,0,22,0.00,3,22,13.64,22,1,3,9,9,0,0,0,0,0,1,0,0,0,0,5,5,-1,2,3
"Feb 22, 2015",474,360,1.32,27.34,229,8,17,21,,,0.00,,,0.00,0.00,0.00,0.00,0.00,0.00,0.00,0,0.00,0,0.00,0,0.00,0.00,0,,0,0,13,0.00,3,13,23.08,13,1,0,2,2,0,1,1,0,0,4,0,0,0,6,7,1,0,1,1
"Feb 23, 2015",727,427,1.70,35.16,265,12,37,71,,,0.00,,,0.00,0.00,0.00,0.00,0.00,0.00,0.00,0,0.00,0,0.00,0,0.00,0.00,0,,0,0,13,0.00,3,13,23.08,13,1,2,1,1,0,0,0,0,0,2,0,0,0,3,5,2,1,2,1
"Feb 24, 2015",641,410,1.56,31.38,245,11,19,35,,,0.00,,,0.00,0.00,0.00,0.00,0.00,0.00,0.00,0,0.00,0,0.00,0,0.00,0.00,0,,0,1,16,6.25,4,16,25.00,16,1,0,5,5,0,0,0,0,0,2,0,0,0,3,7,4,1,1,0
"Feb 25, 2015",575,365,1.58,31.78,230,10,38,70,,,0.00,,,0.00,0.00,0.00,0.00,0.00,0.00,0.00,0,0.00,0,0.00,0,0.00,0.00,0,,0,0,16,0.00,3,16,18.75,16,1,1,0,0,0,0,0,0,0,3,0,0,0,5,5,0,-1,0,1
"Feb 26, 2015",601,363,1.65,35.38,241,10,20,27,,,0.00,,,0.00,0.00,0.00,0.00,0.00,0.00,0.00,0,0.00,0,0.00,0,0.00,0.00,0,,0,0,31,0.00,5,31,16.13,31,3,3,2,2,0,0,0,0,0,6,1,1,0,9,10,1,-2,0,2
"Feb 27, 2015",568,389,1.46,29.42,247,9,37,41,,,0.00,,,0.00,0.00,0.00,0.00,0.00,0.00,0.00,0,0.00,0,0.00,0,0.00,0.00,0,,0,0,31,0.00,5,31,16.13,31,1,1,1,1,0,1,1,0,0,1,1,1,0,3,9,6,1,1,0
"Feb 28, 2015",565,363,1.56,30.42,238,9,27,70,,,0.00,,,0.00,0.00,0.00,0.00,0.00,0.00,0.00,0,0.00,0,0.00,0,0.00,0.00,0,,0,0,29,0.00,1,29,3.45,29,0,0,3,3,0,0,0,0,0,0,0,0,0,-2,1,3,3,3,0
"Mar 01, 2015",652,411,1.59,32.49,256,11,19,38,,,0.00,,,0.00,0.00,0.00,0.00,0.00,0.00,0.00,0,0.00,0,0.00,0,0.00,0.00,0,,0,0,25,0.00,3,25,12.00,25,0,0,2,2,0,1,1,0,0,0,0,0,0,-1,0,1,1,2,1
"Mar 02, 2015",475,344,1.38,28.34,244,8,23,34,,,0.00,,,0.00,0.00,0.00,0.00,0.00,0.00,0.00,0,0.00,0,0.00,0,0.00,0.00,0,,0,0,27,0.00,2,27,7.41,27,2,2,0,0,0,0,0,0,0,6,1,1,0,5,5,0,0,0,0
"Mar 03, 2015",726,408,1.78,37.90,202,12,12,16,,,0.00,,,0.00,0.00,0.00,0.00,0.00,0.00,0.00,0,0.00,0,0.00,0,0.00,0.00,0,,0,0,21,0.00,4,21,19.05,21,0,0,0,0,0,0,0,0,0,0,0,0,0,5,5,0,-1,0,1
"Mar 04, 2015",531,355,1.50,32.21,209,9,25,29,,,0.00,,,0.00,0.00,0.00,0.00,0.00,0.00,0.00,0,0.00,0,0.00,0,0.00,0.00,0,,0,0,22,0.00,2,22,9.09,22,0,0,1,2,1,1,1,0,0,0,0,0,0,-1,1,2,1,1,0
"Mar 05, 2015",389,281,1.38,29.07,195,6,6,6,,,0.00,,,0.00,0.00,0.00,0.00,0.00,0.00,0.00,0,0.00,0,0.00,0,0.00,0.00,0,,0,0,15,0.00,3,15,20.00,15,1,1,1,1,0,0,0,0,0,1,0,0,0,1,3,2,1,1,0
"Mar 06, 2015",618,340,1.82,34.06,201,10,10,28,,,0.00,,,0.00,0.00,0.00,0.00,0.00,0.00,0.00,0,0.00,0,0.00,0,0.00,0.00,0,,0,0,12,0.00,2,12,16.67,12,0,0,0,0,0,0,0,0,1,0,0,0,0,0,1,1,-1,0,1
"Mar 07, 2015",467,291,1.60,31.08,193,8,1,0,,,0.00,,,0.00,0.00,0.00,0.00,0.00,0.00,0.00,0,0.00,0,0.00,0,0.00,0.00,0,,0,1,15,6.67,1,16,6.25,16,0,0,0,0,0,0,0,0,0,0,0,0,0,0,0,0,0,0,0
"Mar 08, 2015",495,311,1.59,32.28,189,8,3,1,,,0.00,,,0.00,0.00,0.00,0.00,0.00,0.00,0.00,0,0.00,0,0.00,0,0.00,0.00,0,,0,1,12,8.33,1,11,9.09,12,0,0,1,1,0,0,0,0,1,0,0,0,0,-1,1,2,2,2,0
"Mar 09, 2015",636,358,1.78,37.18,172,11,0,0,,,0.00,,,0.00,0.00,0.00,0.00,0.00,0.00,0.00,0,0.00,0,0.00,0,0.00,0.00,0,,0,0,9,0.00,1,9,11.11,9,0,0,0,0,0,0,0,0,0,0,0,0,0,4,4,0,-1,0,1
"Mar 10, 2015",435,341,1.28,25.51,215,7,1,2,,,0.00,,,0.00,0.00,0.00,0.00,0.00,0.00,0.00,0,0.00,0,0.00,0,0.00,0.00,0,,0,0,16,0.00,3,16,18.75,16,0,0,0,0,0,0,0,0,0,0,0,0,0,0,1,1,1,1,0
"Mar 11, 2015",394,289,1.36,27.87,204,7,1,0,,,0.00,,,0.00,0.00,0.00,0.00,0.00,0.00,0.00,0,0.00,0,0.00,0,0.00,0.00,0,,0,0,11,0.00,4,11,36.36,11,0,0,1,1,0,0,0,0,0,1,0,0,0,1,1,0,2,2,0
"Mar 12, 2015",443,328,1.35,28.42,221,7,5,5,,,0.00,,,0.00,0.00,0.00,0.00,0.00,0.00,0.00,0,0.00,0,0.00,0,0.00,0.00,0,,0,2,28,7.14,3,28,10.71,28,0,0,0,0,0,0,0,0,0,1,0,0,0,2,2,0,0,0,0
"Mar 13, 2015",390,293,1.33,27.50,185,7,3,2,0,0,0.00,0,0,0.00,0.00,0.00,0.00,0.00,0.00,0.00,0,0.00,0,0.00,0,0.00,0.00,0,,0,0,16,0.00,3,16,18.75,16,0,0,0,0,0,0,0,0,0,0,0,0,0,-1,6,7,0,0,0
"Mar 14, 2015",528,344,1.53,31.84,180,9,2,1,0,0,0.00,0,0,0.00,0.00,0.00,0.00,0.00,0.00,0.00,0,0.00,0,0.00,0,0.00,0.00,0,,0,0,13,0.00,3,13,23.08,13,0,0,0,0,0,0,0,0,0,0,0,0,0,1,1,0,-2,0,2
"Mar 15, 2015",788,402,1.96,41.98,214,13,7,6,0,0,0.00,0,0,0.00,0.00,0.00,0.00,0.00,0.00,0.00,0,0.00,0,0.00,0,0.00,0.00,0,,0,0,20,0.00,4,21,19.05,21,0,0,2,2,0,0,0,0,0,1,1,1,0,2,2,0,2,2,0
"Mar 16, 2015",783,429,1.83,38.85,259,13,1,0,0,0,0.00,0,0,0.00,0.00,0.00,0.00,0.00,0.00,0.00,0,0.00,0,0.00,0,0.00,0.00,0,,0,0,16,0.00,3,17,17.65,17,0,0,1,1,0,0,0,0,0,0,0,0,0,-1,0,1,0,0,0
"Mar 17, 2015",510,320,1.59,35.16,212,8,5,10,0,0,0.00,0,0,0.00,0.00,0.00,0.00,0.00,0.00,0.00,0,0.00,0,0.00,0,0.00,0.00,0,,0,0,19,0.00,3,19,15.79,19,0,0,0,0,0,0,0,0,0,0,0,0,0,0,0,0,1,1,0
"Mar 18, 2015",604,371,1.63,34.70,210,10,2,3,0,0,0.00,0,0,0.00,0.00,0.00,0.00,0.00,0.00,0.00,0,0.00,0,0.00,0,0.00,0.00,0,,0,0,13,0.00,1,13,7.69,13,0,0,0,0,0,0,0,0,0,0,0,0,0,0,0,0,0,0,0
"Mar 19, 2015",576,317,1.82,38.48,199,10,1,0,0,0,0.00,0,0,0.00,0.00,0.00,0.00,0.00,0.00,0.00,0,0.00,0,0.00,0,0.00,0.00,0,,0,0,22,0.00,2,22,9.09,22,0,0,0,0,0,0,0,0,0,0,0,0,0,-2,1,3,-1,0,1
"Mar 20, 2015",452,284,1.59,33.55,192,8,8,6,0,0,0.00,0,0,0.00,0.00,0.00,0.00,0.00,0.00,0.00,0,0.00,0,0.00,0,0.00,0.00,0,,0,0,7,0.00,2,7,28.57,7,1,1,1,1,0,0,0,0,0,1,0,0,0,4,5,1,0,0,0
"Mar 21, 2015",407,261,1.56,30.93,182,7,1,2,0,0,0.00,0,0,0.00,0.00,0.00,0.00,0.00,0.00,0.00,0,0.00,0,0.00,0,0.00,0.00,0,,0,1,34,2.94,2,34,5.88,34,0,0,0,0,0,0,0,0,0,0,0,0,0,2,2,0,1,1,0
"Mar 22, 2015",495,283,1.75,35.91,192,8,19,34,0,0,0.00,0,0,0.00,0.00,0.00,0.00,0.00,0.00,0.00,0,0.00,0,0.00,0,0.00,0.00,0,,0,0,4,0.00,1,4,25.00,4,1,1,1,1,0,0,0,0,1,1,0,0,0,5,9,4,1,1,0
"Mar 23, 2015",406,267,1.52,32.10,176,7,7,9,0,0,0.00,0,0,0.00,0.00,0.00,0.00,0.00,0.00,0.00,0,0.00,0,0.00,0,0.00,0.00,0,,0,1,15,6.67,3,15,20.00,15,0,0,2,2,0,1,1,0,0,0,0,0,0,2,2,0,1,1,0
"Mar 24, 2015",939,411,2.29,49.66,186,16,34,68,0,0,0.00,0,35,0.00,0.00,0.00,0.00,0.00,0.00,0.00,0,0.00,0,0.00,0,0.00,0.00,0,,0,0,22,0.00,2,22,9.09,22,2,2,0,0,0,0,0,0,0,2,0,0,0,4,6,2,0,1,1
"Mar 25, 2015",458,276,1.66,34.22,169,8,10,19,0,0,0.00,0,14,0.00,0.00,0.00,0.00,0.00,0.00,0.00,0,0.00,0,0.00,0,0.00,0.00,0,,0,2,6,33.33,1,6,16.67,6,1,1,0,0,0,0,0,0,0,1,0,0,0,5,5,0,0,0,0
"Mar 26, 2015",428,270,1.58,32.58,187,7,15,39,0,1,0.00,1,10,10.00,0.00,0.00,0.00,0.00,0.00,0.00,0,0.00,0,0.00,0,0.00,0.00,0,,0,0,15,0.00,0,15,0.00,15,0,0,4,4,0,0,0,0,0,0,0,0,0,0,2,2,0,0,0
"Mar 27, 2015",390,259,1.51,30.70,165,7,11,10,0,0,0.00,0,31,0.00,0.00,0.00,0.00,0.00,0.00,0.00,0,0.00,0,0.00,0,0.00,0.00,0,,0,0,33,0.00,1,33,3.03,33,1,1,0,0,0,0,0,0,0,1,0,0,0,4,5,1,0,0,0
"Mar 28, 2015",329,225,1.46,30.31,159,5,14,13,0,0,0.00,0,15,0.00,0.00,0.00,0.00,0.00,0.00,0.00,0,0.00,0,0.00,0,0.00,0.00,0,,0,0,13,0.00,1,13,7.69,13,1,1,0,0,0,0,0,0,0,1,0,0,0,3,6,3,1,1,0
"Mar 29, 2015",423,262,1.61,33.34,164,7,24,41,1,6,16.67,2,51,3.92,0.00,0.00,0.00,0.00,0.00,0.00,0,0.00,0,0.00,0,0.00,0.00,0,,0,2,15,13.33,2,15,13.33,15,2,2,6,6,0,0,0,0,0,3,0,0,0,7,9,2,1,2,1
"Mar 30, 2015",590,313,1.89,39.56,164,10,31,51,1,5,20.00,2,60,3.33,0.00,0.00,0.00,0.00,0.00,0.00,0,0.00,0,0.00,0,0.00,0.00,0,,0,0,15,0.00,0,15,0.00,15,0,0,1,1,0,0,0,0,0,2,0,0,0,-2,0,2,1,1,0
"Mar 31, 2015",445,279,1.60,33.22,180,7,10,11,0,0,0.00,0,11,0.00,0.00,0.00,0.00,0.00,0.00,0.00,0,0.00,0,0.00,0,0.00,0.00,0,,0,0,18,0.00,7,18,38.89,18,0,0,0,0,0,0,0,0,0,0,0,0,0,0,0,0,0,0,0
"Apr 01, 2015",372,280,1.33,28.00,203,6,11,20,0,0,0.00,0,8,0.00,0.00,0.00,0.00,0.00,0.00,0.00,0,0.00,0,0.00,0,0.00,0.00,0,,0,0,9,0.00,3,9,33.33,9,1,1,2,2,0,0,0,0,0,1,0,0,0,-1,3,4,0,0,0
"Apr 02, 2015",551,306,1.80,39.28,168,9,15,26,1,3,33.33,1,23,4.35,0.00,0.00,0.00,0.00,0.00,0.00,0,0.00,0,0.00,0,0.00,0.00,0,,0,0,5,0.00,1,5,20.00,5,1,1,2,2,0,1,1,0,0,2,0,0,0,0,3,3,0,0,0
"Apr 03, 2015",458,276,1.66,33.97,178,8,7,6,0,0,0.00,0,21,0.00,0.00,0.00,0.00,0.00,0.00,0.00,0,0.00,0,0.00,0,0.00,0.00,0,,0,0,24,0.00,6,24,25.00,24,0,0,0,0,0,0,0,0,0,0,0,0,0,1,1,0,0,1,1
"Apr 04, 2015",295,219,1.35,28.56,136,5,13,31,0,0,0.00,0,6,0.00,0.00,0.00,0.00,0.00,0.00,0.00,0,0.00,0,0.00,0,0.00,0.00,0,,0,0,5,0.00,0,6,0.00,6,0,0,0,0,0,0,0,0,0,0,0,0,0,0,1,1,0,0,0
"Apr 05, 2015",340,273,1.25,24.73,170,6,44,54,0,0,0.00,0,15,0.00,0.00,0.00,0.00,0.00,0.00,0.00,0,0.00,0,0.00,0,0.00,0.00,0,,0,0,9,0.00,4,9,44.44,9,0,0,0,0,0,0,0,0,0,0,0,0,0,-1,1,2,2,2,0
"Apr 06, 2015",446,288,1.55,32.88,177,7,3,1,0,0,0.00,0,20,0.00,0.00,0.00,0.00,0.00,0.00,0.00,0,0.00,0,0.00,0,0.00,0.00,0,,0,1,12,8.33,0,12,0.00,12,0,0,0,0,0,0,0,0,1,0,0,0,0,3,4,1,1,1,0
"Apr 07, 2015",313,224,1.40,28.43,169,5,2,8,0,0,0.00,0,10,0.00,0.00,0.00,0.00,0.00,0.00,0.00,0,0.00,0,0.00,0,0.00,0.00,0,,0,0,10,0.00,1,10,10.00,10,0,0,1,1,0,0,0,0,0,0,0,0,0,0,0,0,0,0,0
"Apr 08, 2015",431,244,1.77,35.44,156,7,0,0,0,0,0.00,0,4,0.00,0.00,0.00,0.00,0.00,0.00,0.00,0,0.00,0,0.00,0,0.00,0.00,0,,0,0,14,0.00,0,14,0.00,14,0,0,1,1,0,0,0,0,0,0,0,0,0,-1,0,1,0,0,0
"Apr 09, 2015",340,207,1.64,33.68,160,6,3,11,0,0,0.00,0,19,0.00,0.00,0.00,0.00,0.00,0.00,0.00,0,0.00,0,0.00,0,0.00,0.00,0,,0,0,10,0.00,1,10,10.00,10,0,0,0,0,0,0,0,0,0,0,0,0,0,0,0,0,0,0,0
"Apr 10, 2015",392,273,1.44,30.00,188,7,16,27,0,0,0.00,0,17,0.00,0.00,0.00,0.00,0.00,0.00,0.00,0,0.00,0,0.00,0,0.00,0.00,0,,0,1,13,7.69,2,13,15.38,13,2,2,1,1,0,0,0,0,0,2,0,0,0,6,8,2,0,0,0
"Apr 11, 2015",304,251,1.21,24.73,151,5,20,23,0,0,0.00,0,11,0.00,0.00,0.00,0.00,0.00,0.00,0.00,0,0.00,0,0.00,0,0.00,0.00,0,,0,0,11,0.00,0,11,0.00,11,0,0,2,2,0,0,0,0,0,1,0,0,0,1,1,0,0,0,0
"Apr 12, 2015",518,321,1.61,33.37,183,9,6,2,0,0,0.00,0,21,0.00,0.00,0.00,0.00,0.00,0.00,0.00,0,0.00,0,0.00,0,0.00,0.00,0,,0,1,16,6.25,2,16,12.50,16,0,0,2,2,0,0,0,0,0,0,0,0,0,1,1,0,2,2,0
"Apr 13, 2015",482,270,1.78,35.33,178,8,2,6,0,0,0.00,0,5,0.00,0.00,0.00,0.00,0.00,0.00,0.00,0,0.00,0,0.00,0,0.00,0.00,0,,0,0,9,0.00,0,9,0.00,9,0,0,1,1,0,0,0,0,0,0,0,0,0,1,1,0,1,1,0
"Apr 14, 2015",350,287,1.22,26.38,191,6,6,12,0,2,0.00,1,9,11.11,0.00,0.00,0.00,0.00,0.00,0.00,0,0.00,0,0.00,0,0.00,0.00,0,,0,0,18,0.00,1,19,5.26,19,0,0,6,6,0,1,1,0,0,0,2,2,0,3,3,0,1,1,0
"Apr 15, 2015",351,256,1.37,29.84,171,6,1,3,0,0,0.00,0,5,0.00,0.00,0.00,0.00,0.00,0.00,0.00,0,0.00,0,0.00,0,0.00,0.00,0,,0,0,12,0.00,1,12,8.33,12,0,0,1,1,0,0,0,0,0,0,0,0,0,0,0,0,0,0,0
"Apr 16, 2015",528,304,1.74,36.36,181,9,5,4,0,0,0.00,0,4,0.00,0.00,0.00,0.00,0.00,0.00,0.00,0,0.00,0,0.00,0,0.00,0.00,0,,0,2,11,18.18,3,11,27.27,11,0,0,0,0,0,0,0,0,1,2,0,0,0,1,1,0,2,2,0
"Apr 17, 2015",612,302,2.03,41.38,169,10,0,0,0,0,0.00,0,12,0.00,0.00,0.00,0.00,0.00,0.00,0.00,0,0.00,0,0.00,0,0.00,0.00,0,,0,0,11,0.00,2,11,18.18,11,0,0,1,1,0,0,0,0,0,1,0,0,0,0,3,3,2,2,0
"Apr 18, 2015",471,271,1.74,37.41,148,8,34,106,0,0,0.00,0,0,0.00,0.00,0.00,0.00,0.00,0.00,0.00,0,0.00,0,0.00,0,0.00,0.00,0,,0,0,6,0.00,2,6,33.33,6,0,0,4,4,0,0,0,0,0,0,1,1,0,1,1,0,0,0,0
"Apr 19, 2015",345,219,1.57,30.29,164,6,11,18,0,0,0.00,0,4,0.00,0.00,0.00,0.00,0.00,0.00,0.00,0,0.00,0,0.00,0,0.00,0.00,0,,0,1,6,16.67,0,6,0.00,6,0,0,0,0,0,1,1,0,0,0,0,0,0,1,1,0,0,0,0
"Apr 20, 2015",393,245,1.60,29.59,173,7,2,3,0,0,0.00,0,20,0.00,0.00,0.00,0.00,0.00,0.00,0.00,0,0.00,0,0.00,0,0.00,0.00,0,,0,0,19,0.00,4,19,21.05,19,0,0,0,0,0,0,0,0,0,0,0,0,0,1,1,0,0,0,0
"Apr 21, 2015",298,227,1.31,27.03,169,5,3,2,0,0,0.00,0,5,0.00,0.00,0.00,0.00,0.00,0.00,0.00,0,0.00,0,0.00,0,0.00,0.00,0,,0,0,17,0.00,6,17,35.29,17,0,0,0,0,0,0,0,0,0,0,0,0,0,2,2,0,0,0,0
"Apr 22, 2015",323,226,1.43,30.54,158,5,0,0,0,0,0.00,0,11,0.00,0.00,0.00,0.00,0.00,0.00,0.00,0,0.00,0,0.00,0,0.00,0.00,0,,0,0,14,0.00,0,14,0.00,14,0,0,1,1,0,0,0,0,0,0,0,0,0,-1,0,1,0,0,0
"Apr 23, 2015",517,307,1.68,33.19,198,9,13,27,0,2,0.00,1,4,25.00,0.00,0.00,0.00,0.00,0.00,0.00,0,0.00,0,0.00,0,0.00,0.00,0,,0,0,9,0.00,1,9,11.11,9,1,1,3,3,0,0,0,0,0,1,0,0,0,2,5,3,2,3,1
"Apr 24, 2015",342,233,1.47,28.56,166,6,4,10,0,0,0.00,0,0,0.00,0.00,0.00,0.00,0.00,0.00,0.00,0,0.00,0,0.00,0,0.00,0.00,0,,0,3,18,16.67,7,18,38.89,18,0,0,0,0,0,0,0,0,0,0,0,0,0,0,0,0,0,1,1
"Apr 25, 2015",393,235,1.67,32.56,162,7,0,0,0,0,0.00,0,2,0.00,0.00,0.00,0.00,0.00,0.00,0.00,0,0.00,0,0.00,0,0.00,0.00,0,,0,0,6,0.00,1,7,14.29,7,0,0,0,0,0,0,0,0,0,0,1,1,0,1,2,1,0,0,0
"Apr 26, 2015",455,287,1.59,32.02,184,8,8,11,0,3,0.00,1,24,4.17,0.00,0.00,0.00,0.00,0.00,0.00,0,0.00,0,0.00,0,0.00,0.00,0,,0,0,14,0.00,5,14,35.71,14,0,0,0,0,0,0,0,0,0,0,0,0,0,-2,0,2,0,1,1
"Apr 27, 2015",548,336,1.63,33.88,224,9,21,45,0,0,0.00,0,10,0.00,0.00,0.00,0.00,0.00,0.00,0.00,0,0.00,0,0.00,0,0.00,0.00,0,,0,0,19,0.00,7,19,36.84,19,1,1,2,2,0,1,1,0,0,3,0,0,0,5,6,1,0,0,0
"Apr 28, 2015",485,323,1.50,28.97,226,8,11,14,1,2,50.00,1,9,11.11,0.00,0.00,0.00,0.00,0.00,0.00,0,0.00,0,0.00,0,0.00,0.00,0,,0,0,8,0.00,1,8,12.50,8,0,0,0,0,0,0,0,0,0,0,0,0,0,3,3,0,0,0,0
"Apr 29, 2015",363,259,1.40,28.70,185,6,7,19,0,0,0.00,0,12,0.00,0.00,0.00,0.00,0.00,0.00,0.00,0,0.00,0,0.00,0,0.00,0.00,0,,0,0,13,0.00,2,13,15.38,13,1,1,2,2,0,0,0,0,0,1,0,0,0,4,5,1,0,0,0
"Apr 30, 2015",396,269,1.47,30.26,174,7,11,24,0,0,0.00,0,21,0.00,0.00,0.00,0.00,0.00,0.00,0.00,0,0.00,0,0.00,0,0.00,0.00,0,,0,2,30,6.67,0,30,0.00,30,1,1,1,1,0,0,0,0,0,1,0,0,0,4,5,1,0,0,0
"May 01, 2015",758,351,2.16,44.56,177,13,0,0,0,0,0.00,0,21,0.00,0.00,0.00,0.00,0.00,0.00,0.00,0,0.00,0,0.00,0,0.00,0.00,0,,0,0,21,0.00,4,21,19.05,21,0,0,2,2,0,1,1,0,0,0,0,0,0,0,0,0,0,0,0
"May 02, 2015",379,242,1.56,33.22,167,6,2,5,0,0,0.00,0,17,0.00,0.00,0.00,0.00,0.00,0.00,0.00,0,0.00,0,0.00,0,0.00,0.00,0,,0,0,27,0.00,4,27,14.81,27,0,0,1,1,0,0,0,0,0,0,0,0,0,0,1,1,0,0,0
"May 03, 2015",340,281,1.21,24.71,168,6,10,12,0,0,0.00,0,12,0.00,0.00,0.00,0.00,0.00,0.00,0.00,0,0.00,0,0.00,0,0.00,0.00,0,,0,0,11,0.00,2,11,18.18,11,0,0,1,1,0,0,0,0,0,0,0,0,0,-1,0,1,0,0,0
"May 04, 2015",310,231,1.34,28.63,161,5,0,0,0,0,0.00,0,4,0.00,0.00,0.00,0.00,0.00,0.00,0.00,0,0.00,0,0.00,0,0.00,0.00,0,,0,0,14,0.00,2,14,14.29,14,0,0,1,1,0,0,0,0,0,0,0,0,0,-1,3,4,1,1,0
"May 05, 2015",399,248,1.61,32.34,181,7,2,6,0,0,0.00,0,7,0.00,0.00,0.00,0.00,0.00,0.00,0.00,0,0.00,0,0.00,0,0.00,0.00,0,,0,0,10,0.00,0,10,0.00,10,0,0,0,0,0,0,0,0,1,0,1,1,0,1,1,0,0,1,1
"May 06, 2015",315,225,1.40,27.14,156,5,1,0,0,0,0.00,0,17,0.00,0.00,0.00,0.00,0.00,0.00,0.00,0,0.00,0,0.00,0,0.00,0.00,0,,0,1,21,4.76,1,21,4.76,21,0,0,2,2,0,0,0,0,0,0,0,0,0,1,1,0,3,3,0
"May 07, 2015",466,265,1.76,35.22,160,8,7,9,0,0,0.00,0,8,0.00,0.00,0.00,0.00,0.00,0.00,0.00,0,0.00,0,0.00,0,0.00,0.00,0,,0,0,20,0.00,2,20,10.00,20,0,0,1,1,0,0,0,0,0,0,0,0,0,-1,0,1,0,0,0
"May 08, 2015",311,210,1.48,30.01,146,5,1,0,0,0,0.00,0,8,0.00,0.00,0.00,0.00,0.00,0.00,0.00,0,0.00,0,0.00,0,0.00,0.00,0,,0,0,11,0.00,0,11,0.00,11,0,0,0,0,0,0,0,0,0,0,0,0,0,0,0,0,0,0,0
"May 09, 2015",283,198,1.43,27.80,150,5,2,8,0,0,0.00,0,4,0.00,0.00,0.00,0.00,0.00,0.00,0.00,0,0.00,0,0.00,0,0.00,0.00,0,,0,0,9,0.00,5,9,55.56,9,0,0,0,0,0,0,0,0,0,0,0,0,0,1,1,0,1,1,0
"May 10, 2015",310,195,1.59,32.09,131,5,11,16,0,0,0.00,0,15,0.00,0.00,0.00,0.00,0.00,0.00,0.00,0,0.00,0,0.00,0,0.00,0.00,0,,0,0,9,0.00,2,9,22.22,9,0,0,2,2,0,0,0,0,0,0,0,0,0,-1,1,2,0,1,1
"May 11, 2015",310,229,1.35,27.40,160,5,1,0,1,2,50.00,1,17,5.88,0.00,0.00,0.00,0.00,0.00,0.00,0,0.00,0,0.00,0,0.00,0.00,0,,0,1,16,6.25,3,16,18.75,16,0,0,0,0,0,0,0,0,0,0,0,0,0,2,2,0,0,0,0
"May 12, 2015",700,373,1.88,39.23,170,12,7,5,0,0,0.00,0,12,0.00,0.00,0.00,0.00,0.00,0.00,0.00,0,0.00,0,0.00,0,0.00,0.00,0,,0,0,26,0.00,2,26,7.69,26,0,0,1,1,0,0,0,0,0,0,0,0,0,1,3,2,4,4,0
"May 13, 2015",324,203,1.59,31.65,149,5,1,0,0,0,0.00,0,11,0.00,0.00,0.00,0.00,0.00,0.00,0.00,0,0.00,0,0.00,0,0.00,0.00,0,,0,1,15,6.67,4,15,26.67,15,0,0,0,0,0,0,0,0,0,0,0,0,0,0,0,0,1,1,0
"May 14, 2015",381,273,1.40,27.69,172,6,1,0,0,0,0.00,0,0,0.00,0.00,0.00,0.00,0.00,0.00,0.00,0,0.00,0,0.00,0,0.00,0.00,0,,0,0,9,0.00,2,9,22.22,9,0,0,0,0,0,0,0,0,0,0,0,0,0,1,1,0,1,1,0
"May 15, 2015",397,245,1.62,31.31,151,7,4,12,0,0,0.00,0,7,0.00,0.00,0.00,0.00,0.00,0.00,0.00,0,0.00,0,0.00,0,0.00,0.00,0,,0,0,14,0.00,0,14,0.00,14,0,0,1,1,0,0,0,0,0,0,0,0,0,0,0,0,0,0,0
"May 16, 2015",478,264,1.81,36.69,159,8,2,1,1,2,50.00,1,10,10.00,0.00,0.00,0.00,0.00,0.00,0.00,0,0.00,0,0.00,0,0.00,0.00,0,,0,0,22,0.00,2,22,9.09,22,0,0,0,0,0,0,0,0,0,0,0,0,0,0,1,1,0,0,0
"May 17, 2015",331,246,1.34,28.37,159,6,3,6,0,0,0.00,0,11,0.00,0.00,0.00,0.00,0.00,0.00,0.00,0,0.00,0,0.00,0,0.00,0.00,0,,0,0,14,0.00,1,14,7.14,14,0,0,1,1,0,0,0,0,0,0,0,0,0,5,7,2,0,0,0
"May 18, 2015",289,207,1.39,27.86,150,5,0,0,0,0,0.00,0,19,0.00,0.00,0.00,0.00,0.00,0.00,0.00,0,0.00,0,0.00,0,0.00,0.00,0,,0,0,14,0.00,0,14,0.00,14,0,0,0,0,0,0,0,0,0,0,0,0,0,1,1,0,0,0,0
"May 19, 2015",452,267,1.69,34.35,171,8,4,3,0,0,0.00,0,21,0.00,0.00,0.00,0.00,0.00,0.00,0.00,0,0.00,0,0.00,0,0.00,0.00,0,,0,0,20,0.00,0,20,0.00,20,0,0,1,1,0,0,0,0,0,0,0,0,0,4,8,4,1,1,0
"May 20, 2015",362,244,1.48,30.09,164,6,5,17,0,0,0.00,0,18,0.00,0.00,0.00,0.00,0.00,0.00,0.00,0,0.00,0,0.00,0,0.00,0.00,0,,0,0,16,0.00,3,16,18.75,16,0,0,0,0,0,0,0,0,0,0,0,0,0,0,0,0,1,1,0
"May 21, 2015",362,228,1.59,31.31,156,6,9,10,0,0,0.00,0,12,0.00,0.00,0.00,0.00,0.00,0.00,0.00,0,0.00,0,0.00,0,0.00,0.00,0,,0,0,20,0.00,2,20,10.00,20,0,0,0,0,0,0,0,0,0,0,0,0,0,-1,0,1,0,0,0
"May 22, 2015",314,210,1.49,27.59,168,5,1,3,0,0,0.00,0,4,0.00,0.00,0.00,0.00,0.00,0.00,0.00,0,0.00,0,0.00,0,0.00,0.00,0,,0,0,7,0.00,1,7,14.29,7,0,0,0,0,0,0,0,0,0,0,0,0,0,0,0,0,-1,0,1
"May 23, 2015",319,233,1.37,26.15,147,5,0,0,1,2,50.00,1,6,16.67,0.00,0.00,0.00,0.00,0.00,0.00,0,0.00,0,0.00,0,0.00,0.00,0,,0,0,7,0.00,3,7,42.86,7,0,0,0,0,0,0,0,0,0,0,0,0,0,0,0,0,-1,0,1
"May 24, 2015",284,224,1.27,25.18,144,5,2,2,0,0,0.00,0,8,0.00,0.00,0.00,0.00,0.00,0.00,0.00,0,0.00,0,0.00,0,0.00,0.00,0,,0,0,18,0.00,5,18,27.78,18,0,0,0,0,0,0,0,0,0,1,0,0,0,1,2,1,0,1,1
"May 25, 2015",384,276,1.39,29.06,171,6,1,2,0,0,0.00,0,4,0.00,0.00,0.00,0.00,0.00,0.00,0.00,0,0.00,0,0.00,0,0.00,0.00,0,,0,0,24,0.00,1,24,4.17,24,0,0,0,0,0,0,0,0,0,1,0,0,0,0,1,1,0,0,0
"May 26, 2015",367,291,1.26,25.54,207,6,11,25,0,0,0.00,0,10,0.00,0.00,0.00,0.00,0.00,0.00,0.00,0,0.00,0,0.00,0,0.00,0.00,0,,0,0,12,0.00,1,12,8.33,12,1,1,0,0,0,0,0,0,0,1,0,0,0,8,10,2,1,1,0
"May 27, 2015",419,322,1.30,26.76,224,7,29,25,0,0,0.00,0,14,0.00,0.00,0.00,0.00,0.00,0.00,0.00,0,0.00,0,0.00,0,0.00,0.00,0,,0,0,23,0.00,2,23,8.70,23,1,1,3,3,0,0,0,0,0,1,0,0,0,6,9,3,0,0,0
"May 28, 2015",356,279,1.27,26.58,175,6,16,13,0,0,0.00,0,14,0.00,0.00,0.00,0.00,0.00,0.00,0.00,0,0.00,0,0.00,0,0.00,0.00,0,,0,1,25,4.00,0,25,0.00,25,0,0,0,0,0,0,0,0,1,0,0,0,0,2,2,0,2,2,0
"May 29, 2015",323,223,1.45,30.74,138,5,18,7,0,0,0.00,0,8,0.00,0.00,0.00,0.00,0.00,0.00,0.00,0,0.00,0,0.00,0,0.00,0.00,0,,0,0,9,0.00,2,9,22.22,9,0,0,1,1,0,0,0,0,0,0,0,0,0,0,1,1,-1,0,1
"May 30, 2015",324,203,1.60,31.99,140,5,0,0,0,0,0.00,0,10,0.00,0.00,0.00,0.00,0.00,0.00,0.00,0,0.00,0,0.00,0,0.00,0.00,0,,0,1,13,7.69,1,13,7.69,13,0,0,0,0,0,0,0,0,0,0,0,0,0,-1,1,2,1,1,0
"May 31, 2015",410,267,1.54,31.72,139,7,6,8,0,0,0.00,0,8,0.00,0.00,0.00,0.00,0.00,0.00,0.00,0,0.00,0,0.00,0,0.00,0.00,0,,0,0,17,0.00,4,17,23.53,17,0,0,0,0,0,0,0,0,0,0,0,0,0,-1,2,3,1,1,0
"Jun 01, 2015",377,227,1.66,34.05,138,6,11,22,0,0,0.00,0,9,0.00,0.00,0.00,0.00,0.00,0.00,0.00,0,0.00,0,0.00,0,0.00,0.00,0,,0,0,5,0.00,0,5,0.00,5,0,0,1,1,0,0,0,0,0,0,0,0,0,-2,0,2,1,1,0
"Jun 02, 2015",497,327,1.52,33.04,168,8,30,5,0,0,0.00,0,5,0.00,0.00,0.00,0.00,0.00,0.00,0.00,0,0.00,0,0.00,0,0.00,0.00,0,,0,0,14,0.00,1,14,7.14,14,0,0,0,0,0,0,0,0,0,0,0,0,0,-2,0,2,1,1,0
"Jun 03, 2015",383,252,1.52,30.95,161,6,28,60,0,0,0.00,0,5,0.00,0.00,0.00,0.00,0.00,0.00,0.00,0,0.00,0,0.00,0,0.00,0.00,0,,0,0,7,0.00,0,7,0.00,7,1,1,0,0,0,0,0,0,2,1,1,1,0,5,7,2,0,1,1
"Jun 04, 2015",281,239,1.17,24.30,159,5,12,13,0,0,0.00,0,7,0.00,0.00,0.00,0.00,0.00,0.00,0.00,0,0.00,0,0.00,0,0.00,0.00,0,,0,0,7,0.00,0,7,0.00,7,0,0,1,1,0,1,1,0,0,0,0,0,0,-1,0,1,0,0,0
"Jun 05, 2015",339,175,1.94,38.13,105,6,11,19,0,0,0.00,0,5,0.00,0.00,0.00,0.00,0.00,0.00,0.00,0,0.00,0,0.00,0,0.00,0.00,0,,0,0,4,0.00,0,4,0.00,4,0,0,0,0,0,0,0,0,0,0,0,0,0,-1,0,1,-2,0,2
"Jun 06, 2015",207,157,1.32,27.98,102,3,7,17,0,0,0.00,0,2,0.00,0.00,0.00,0.00,0.00,0.00,0.00,0,0.00,0,0.00,0,0.00,0.00,0,,0,0,7,0.00,0,7,0.00,7,0,0,0,0,0,0,0,0,0,0,0,0,0,0,0,0,1,1,0
"Jun 07, 2015",243,170,1.43,28.89,116,4,4,2,0,0,0.00,0,6,0.00,0.00,0.00,0.00,0.00,0.00,0.00,0,0.00,0,0.00,0,0.00,0.00,0,,0,0,7,0.00,1,7,14.29,7,0,0,0,0,0,0,0,0,0,0,0,0,0,1,1,0,0,0,0
"Jun 08, 2015",439,249,1.76,36.63,154,7,1,1,0,0,0.00,0,12,0.00,0.00,0.00,0.00,0.00,0.00,0.00,0,0.00,0,0.00,0,0.00,0.00,0,,0,0,13,0.00,3,13,23.08,13,0,0,0,0,0,0,0,0,0,0,0,0,0,0,0,0,-1,0,1
"Jun 09, 2015",354,227,1.56,31.87,161,6,0,0,0,0,0.00,0,9,0.00,0.00,0.00,0.00,0.00,0.00,0.00,0,0.00,0,0.00,0,0.00,0.00,0,,0,0,16,0.00,0,16,0.00,16,0,0,0,0,0,0,0,0,0,0,0,0,0,0,0,0,0,0,0
"Jun 10, 2015",319,234,1.36,28.64,163,5,0,0,0,2,0.00,1,7,14.29,0.00,0.00,0.00,0.00,0.00,0.00,0,0.00,0,0.00,0,0.00,0.00,0,,0,1,13,7.69,3,13,23.08,13,0,0,0,0,0,0,0,0,0,0,0,0,0,2,3,1,0,0,0
"Jun 11, 2015",329,231,1.43,29.61,160,5,2,1,0,0,0.00,0,9,0.00,0.00,0.00,0.00,0.00,0.00,0.00,0,0.00,0,0.00,0,0.00,0.00,0,,0,0,11,0.00,1,11,9.09,11,0,0,1,1,0,1,1,0,0,0,0,0,0,0,1,1,3,3,0
"Jun 12, 2015",241,165,1.46,28.68,120,4,0,0,0,0,0.00,0,4,0.00,0.00,0.00,0.00,0.00,0.00,0.00,0,0.00,0,0.00,0,0.00,0.00,0,,0,0,15,0.00,1,15,6.67,15,0,0,0,0,0,0,0,0,0,0,0,0,0,1,3,2,0,0,0
"Jun 13, 2015",222,146,1.52,29.79,106,4,1,2,0,0,0.00,0,6,0.00,0.00,0.00,0.00,0.00,0.00,0.00,0,0.00,0,0.00,0,0.00,0.00,0,,0,0,6,0.00,0,6,0.00,6,0,0,0,0,0,0,0,0,0,0,0,0,0,0,0,0,-1,0,1
"Jun 14, 2015",392,233,1.68,36.12,165,7,2,2,0,0,0.00,0,3,0.00,0.00,0.00,0.00,0.00,0.00,0.00,0,0.00,0,0.00,0,0.00,0.00,0,,0,4,12,33.33,1,12,8.33,12,0,0,2,2,0,0,0,0,0,1,0,0,0,0,0,0,0,1,1
"Jun 15, 2015",309,188,1.64,33.33,137,5,4,6,0,0,0.00,0,4,0.00,0.00,0.00,0.00,0.00,0.00,0.00,0,0.00,0,0.00,0,0.00,0.00,0,,0,0,4,0.00,0,4,0.00,4,0,1,0,0,0,0,0,0,0,0,0,0,0,0,0,0,-1,0,1
"Jun 16, 2015",337,262,1.29,27.01,183,6,7,12,0,0,0.00,0,1,0.00,0.00,0.00,0.00,0.00,0.00,0.00,0,0.00,0,0.00,0,0.00,0.00,0,,0,1,16,6.25,5,16,31.25,16,1,0,2,2,0,0,0,0,0,1,0,0,0,3,4,1,0,0,0
"Jun 17, 2015",304,213,1.43,29.87,143,5,3,3,0,0,0.00,0,13,0.00,0.00,0.00,0.00,0.00,0.00,0.00,0,0.00,0,0.00,0,0.00,0.00,0,,0,0,18,0.00,3,19,15.79,19,0,0,1,1,0,0,0,0,0,0,0,0,0,0,1,1,1,1,0
"Jun 18, 2015",435,240,1.81,37.53,169,7,2,4,0,0,0.00,0,12,0.00,0.00,0.00,0.00,0.00,0.00,0.00,0,0.00,0,0.00,0,0.00,0.00,0,,0,2,16,12.50,1,16,6.25,16,0,0,0,0,0,0,0,0,1,0,0,0,0,-1,0,1,0,0,0
"Jun 19, 2015",422,241,1.75,35.57,145,7,1,0,0,0,0.00,0,8,0.00,0.00,0.00,0.00,0.00,0.00,0.00,0,0.00,0,0.00,0,0.00,0.00,0,,0,1,13,7.69,3,13,23.08,13,0,0,0,1,1,0,0,0,0,0,0,0,0,-1,1,2,0,0,0
"Jun 20, 2015",278,209,1.33,26.28,137,5,0,0,0,0,0.00,0,3,0.00,0.00,0.00,0.00,0.00,0.00,0.00,0,0.00,0,0.00,0,0.00,0.00,0,,0,0,21,0.00,5,21,23.81,21,0,0,0,0,0,0,0,0,0,0,0,0,0,0,0,0,1,1,0
"Jun 21, 2015",422,276,1.53,31.81,164,7,23,27,0,0,0.00,0,3,0.00,0.00,0.00,0.00,0.00,0.00,0.00,0,0.00,0,0.00,0,0.00,0.00,0,,0,0,5,0.00,1,5,20.00,5,0,0,0,0,0,0,0,0,0,0,0,0,0,0,0,0,-1,0,1
"Jun 22, 2015",413,309,1.34,28.45,165,7,73,76,0,0,0.00,0,19,0.00,0.00,0.00,0.00,0.00,0.00,0.00,0,0.00,0,0.00,0,0.00,0.00,0,,0,0,26,0.00,2,26,7.69,26,0,0,0,0,0,0,0,0,0,0,0,0,0,-2,0,2,-1,0,1
"Jun 23, 2015",396,234,1.69,33.52,175,7,2,0,0,0,0.00,0,7,0.00,0.00,0.00,0.00,0.00,0.00,0.00,0,0.00,0,0.00,0,0.00,0.00,0,,0,0,11,0.00,3,11,27.27,11,0,0,0,0,0,0,0,0,0,0,1,1,0,0,1,1,1,1,0
"Jun 24, 2015",469,313,1.50,35.58,176,8,54,81,0,0,0.00,0,14,0.00,0.00,0.00,0.00,0.00,0.00,0.00,0,0.00,0,0.00,0,0.00,0.00,0,,0,1,36,2.78,5,36,13.89,36,1,1,3,3,0,0,0,0,0,1,0,0,0,5,5,0,2,2,0
"Jun 25, 2015",467,285,1.64,34.57,137,8,8,11,0,0,0.00,0,7,0.00,0.00,0.00,0.00,0.00,0.00,0.00,0,0.00,0,0.00,0,0.00,0.00,0,,0,0,31,0.00,7,31,22.58,31,0,0,0,0,0,0,0,0,0,0,0,0,0,-2,0,2,0,0,0
"Jun 26, 2015",222,182,1.22,25.63,130,4,3,2,0,0,0.00,0,2,0.00,0.00,0.00,0.00,0.00,0.00,0.00,0,0.00,0,0.00,0,0.00,0.00,0,,0,0,6,0.00,2,6,33.33,6,0,0,0,0,0,0,0,0,0,1,0,0,0,-1,0,1,0,0,0
"Jun 27, 2015",327,261,1.25,25.45,134,5,17,29,0,0,0.00,0,21,0.00,0.00,0.00,0.00,0.00,0.00,0.00,0,0.00,0,0.00,0,0.00,0.00,0,,0,0,16,0.00,3,17,17.65,17,1,1,4,4,0,0,0,0,0,1,0,0,0,6,7,1,0,0,0
"Jun 28, 2015",395,304,1.30,31.28,168,7,40,48,0,0,0.00,0,12,0.00,0.00,0.00,0.00,0.00,0.00,0.00,0,0.00,0,0.00,0,0.00,0.00,0,,0,0,6,0.00,0,6,0.00,6,1,1,2,2,0,0,0,0,0,2,0,0,0,2,4,2,0,1,1
"Jun 29, 2015",202,166,1.22,26.81,127,3,11,14,0,0,0.00,0,6,0.00,0.00,0.00,0.00,0.00,0.00,0.00,0,0.00,0,0.00,0,0.00,0.00,0,,0,0,5,0.00,0,5,0.00,5,0,0,1,1,0,0,0,0,0,0,0,0,0,0,7,7,-1,0,1
"Jun 30, 2015",307,187,1.64,34.76,132,5,9,32,0,0,0.00,0,8,0.00,0.00,0.00,0.00,0.00,0.00,0.00,0,0.00,0,0.00,0,0.00,0.00,0,,0,0,6,0.00,0,6,0.00,6,0,0,0,0,0,0,0,0,0,0,0,0,0,0,1,1,0,0,0
"Jul 01, 2015",352,223,1.58,34.17,151,6,15,35,0,0,0.00,0,11,0.00,0.00,0.00,0.00,0.00,0.00,0.00,0,0.00,0,0.00,0,0.00,0.00,0,,0,0,9,0.00,1,9,11.11,9,0,0,0,0,0,0,0,0,0,0,0,0,0,2,2,0,2,2,0
"Jul 02, 2015",295,211,1.40,28.93,139,5,6,9,0,0,0.00,0,13,0.00,0.00,0.00,0.00,0.00,0.00,0.00,0,0.00,0,0.00,0,0.00,0.00,0,,0,0,15,0.00,4,15,26.67,15,0,0,0,0,0,0,0,0,0,0,0,0,0,2,2,0,1,1,0
"Jul 03, 2015",279,194,1.44,28.97,123,5,11,6,0,0,0.00,0,9,0.00,0.00,0.00,0.00,0.00,0.00,0.00,0,0.00,0,0.00,0,0.00,0.00,0,,0,0,10,0.00,0,10,0.00,10,0,0,0,0,0,0,0,0,1,0,0,0,0,-1,0,1,-1,0,1
"Jul 04, 2015",265,170,1.56,31.28,109,4,6,2,0,0,0.00,0,2,0.00,0.00,0.00,0.00,0.00,0.00,0.00,0,0.00,0,0.00,0,0.00,0.00,0,,0,0,6,0.00,2,6,33.33,6,0,0,0,0,0,0,0,0,0,0,0,0,0,0,0,0,0,0,0
"Jul 05, 2015",309,200,1.55,32.15,128,5,4,6,0,6,0.00,2,6,33.33,0.00,0.00,0.00,0.00,0.00,0.00,0,0.00,0,0.00,0,0.00,0.00,0,,0,0,6,0.00,0,6,0.00,6,0,0,0,0,0,0,0,0,0,0,0,0,0,2,4,2,0,0,0
"Jul 06, 2015",267,204,1.31,26.63,148,4,3,3,0,0,0.00,0,5,0.00,0.00,0.00,0.00,0.00,0.00,0.00,0,0.00,0,0.00,0,0.00,0.00,0,,0,0,12,0.00,2,12,16.67,12,0,0,0,0,0,0,0,0,0,0,0,0,0,0,0,0,1,1,0
"Jul 07, 2015",372,233,1.60,33.36,162,6,2,1,0,0,0.00,0,4,0.00,0.00,0.00,0.00,0.00,0.00,0.00,0,0.00,0,0.00,0,0.00,0.00,0,,0,0,10,0.00,0,10,0.00,10,0,0,0,0,0,1,1,0,1,0,0,0,0,0,0,0,0,0,0
"Jul 08, 2015",287,192,1.49,30.25,132,5,2,0,0,0,0.00,0,3,0.00,0.00,0.00,0.00,0.00,0.00,0.00,0,0.00,0,0.00,0,0.00,0.00,0,,0,0,6,0.00,2,6,33.33,6,0,0,0,0,0,1,1,0,0,0,0,0,0,-1,0,1,0,0,0
"Jul 09, 2015",384,237,1.62,33.32,145,6,18,46,0,0,0.00,0,26,0.00,0.00,0.00,0.00,0.00,0.00,0.00,0,0.00,0,0.00,0,0.00,0.00,0,,0,0,14,0.00,1,14,7.14,14,0,0,2,2,0,0,0,0,0,0,0,0,0,1,1,0,3,4,1
"Jul 10, 2015",360,208,1.73,34.31,135,6,3,1,0,0,0.00,0,27,0.00,0.00,0.00,0.00,0.00,0.00,0.00,0,0.00,0,0.00,0,0.00,0.00,0,,0,2,22,9.09,4,22,18.18,22,0,0,0,0,0,0,0,0,0,1,0,0,0,0,0,0,1,1,0
"Jul 11, 2015",250,188,1.33,25.52,110,4,1,2,0,0,0.00,0,21,0.00,0.00,0.00,0.00,0.00,0.00,0.00,0,0.00,0,0.00,0,0.00,0.00,0,,0,0,17,0.00,2,17,11.76,17,0,0,0,0,0,0,0,0,0,0,0,0,0,0,0,0,1,1,0
"Jul 12, 2015",302,185,1.63,32.90,135,5,1,0,0,0,0.00,0,8,0.00,0.00,0.00,0.00,0.00,0.00,0.00,0,0.00,0,0.00,0,0.00,0.00,0,,0,1,15,6.67,2,15,13.33,15,0,0,0,0,0,0,0,0,0,0,0,0,0,0,1,1,0,0,0
"Jul 13, 2015",346,220,1.57,33.00,143,6,1,5,0,0,0.00,0,2,0.00,0.00,0.00,0.00,0.00,0.00,0.00,0,0.00,0,0.00,0,0.00,0.00,0,,0,1,14,7.14,3,14,21.43,14,0,0,0,0,0,0,0,0,0,0,0,0,0,0,0,0,0,0,0
"Jul 14, 2015",456,282,1.62,33.80,148,8,22,67,0,0,0.00,0,1,0.00,0.00,0.00,0.00,0.00,0.00,0.00,0,0.00,0,0.00,0,0.00,0.00,0,,0,0,0,0.00,0,0,0.00,0,0,0,1,1,0,0,0,0,0,1,0,0,0,0,0,0,3,3,0
"Jul 15, 2015",349,246,1.42,29.31,143,6,14,42,0,0,0.00,0,13,0.00,0.00,0.00,0.00,0.00,0.00,0.00,0,0.00,0,0.00,0,0.00,0.00,0,,0,0,21,0.00,3,21,14.29,21,0,0,0,0,0,0,0,0,0,2,0,0,0,-2,0,2,1,1,0
"Jul 16, 2015",305,193,1.58,34.45,133,5,11,32,0,0,0.00,0,8,0.00,0.00,0.00,0.00,0.00,0.00,0.00,0,0.00,0,0.00,0,0.00,0.00,0,,0,1,8,12.50,0,8,0.00,8,0,0,2,2,0,0,0,0,0,1,0,0,0,0,2,2,0,0,0
"Jul 17, 2015",294,203,1.45,29.24,129,5,10,7,0,0,0.00,0,7,0.00,0.00,0.00,0.00,0.00,0.00,0.00,0,0.00,0,0.00,0,0.00,0.00,0,,0,0,18,0.00,7,18,38.89,18,0,0,0,0,0,0,0,0,0,0,0,0,0,1,1,0,1,1,0
"Jul 18, 2015",256,182,1.40,27.97,109,4,10,13,0,0,0.00,0,13,0.00,0.00,0.00,0.00,0.00,0.00,0.00,0,0.00,0,0.00,0,0.00,0.00,0,,0,0,14,0.00,1,14,7.14,14,0,0,0,0,0,0,0,0,0,0,0,0,0,1,1,0,0,0,0
"Jul 19, 2015",526,260,2.02,43.28,145,9,10,18,0,0,0.00,0,6,0.00,0.00,0.00,0.00,0.00,0.00,0.00,0,0.00,0,0.00,0,0.00,0.00,0,,0,0,15,0.00,3,15,20.00,15,0,0,0,0,0,0,0,0,0,0,0,0,0,0,0,0,0,0,0
"Jul 20, 2015",239,183,1.31,27.92,132,4,13,10,0,0,0.00,0,6,0.00,0.00,0.00,0.00,0.00,0.00,0.00,0,0.00,0,0.00,0,0.00,0.00,0,,0,0,13,0.00,3,13,23.08,13,0,0,0,0,0,0,0,0,0,0,0,0,0,0,0,0,0,0,0
"Jul 21, 2015",283,191,1.48,29.50,131,5,2,4,0,0,0.00,0,8,0.00,0.00,0.00,0.00,0.00,0.00,0.00,0,0.00,0,0.00,0,0.00,0.00,0,,0,0,6,0.00,1,6,16.67,6,0,0,0,0,0,0,0,0,0,0,0,0,0,0,0,0,0,0,0
"Jul 22, 2015",208,162,1.29,26.27,116,3,5,5,0,0,0.00,0,6,0.00,0.00,0.00,0.00,0.00,0.00,0.00,0,0.00,0,0.00,0,0.00,0.00,0,,0,0,8,0.00,0,9,0.00,9,0,0,1,1,0,0,0,0,0,0,0,0,0,2,2,0,1,1,0
"Jul 23, 2015",279,189,1.48,29.54,122,5,9,8,1,2,50.00,1,8,12.50,0.00,0.00,0.00,0.00,0.00,0.00,0,0.00,0,0.00,0,0.00,0.00,0,,0,0,12,0.00,2,12,16.67,12,0,0,0,0,0,0,0,0,0,0,0,0,0,1,1,0,0,0,0
"Jul 24, 2015",203,172,1.18,23.92,129,3,2,0,0,0,0.00,0,8,0.00,0.00,0.00,0.00,0.00,0.00,0.00,0,0.00,0,0.00,0,0.00,0.00,0,,0,0,15,0.00,1,15,6.67,15,0,0,0,0,0,0,0,0,0,0,0,0,0,0,0,0,0,0,0
"Jul 25, 2015",232,166,1.40,27.97,115,4,0,0,0,0,0.00,0,13,0.00,0.00,0.00,0.00,0.00,0.00,0.00,0,0.00,0,0.00,0,0.00,0.00,0,,0,0,14,0.00,2,14,14.29,14,0,0,0,0,0,0,0,0,0,0,0,0,0,0,1,1,-1,0,1
"Jul 26, 2015",753,284,2.65,55.79,133,13,4,10,0,0,0.00,0,12,0.00,0.00,0.00,0.00,0.00,0.00,0.00,0,0.00,0,0.00,0,0.00,0.00,0,,0,0,15,0.00,3,16,18.75,16,0,0,0,0,0,0,0,0,0,0,0,0,0,0,0,0,1,1,0
"Jul 27, 2015",419,235,1.78,35.72,132,7,4,7,2,2,100.00,1,16,6.25,0.00,0.00,0.00,0.00,0.00,0.00,0,0.00,0,0.00,0,0.00,0.00,0,,0,0,14,0.00,1,14,7.14,14,0,0,1,1,0,0,0,0,0,0,0,0,0,0,0,0,1,1,0
"Jul 28, 2015",287,207,1.38,29.34,126,5,7,10,0,0,0.00,0,15,0.00,0.00,0.00,0.00,0.00,0.00,0.00,0,0.00,0,0.00,0,0.00,0.00,0,,0,0,15,0.00,5,15,33.33,15,0,0,0,0,0,0,0,0,0,0,-1,0,1,-1,0,1,1,1,0
"Jul 29, 2015",308,185,1.67,35.53,117,5,2,5,0,0,0.00,0,4,0.00,0.00,0.00,0.00,0.00,0.00,0.00,0,0.00,0,0.00,0,0.00,0.00,0,,0,0,10,0.00,2,10,20.00,10,0,0,0,1,1,0,0,0,0,1,0,0,0,0,0,0,1,1,0
"Jul 30, 2015",442,248,1.78,38.95,146,7,45,104,0,0,0.00,0,13,0.00,0.00,0.00,0.00,0.00,0.00,0.00,0,0.00,0,0.00,0,0.00,0.00,0,,0,0,11,0.00,1,11,9.09,11,3,3,2,2,0,0,0,0,0,3,0,0,0,9,9,0,0,0,0
"Jul 31, 2015",265,201,1.32,29.86,129,4,28,47,0,0,0.00,0,21,0.00,0.00,0.00,0.00,0.00,0.00,0.00,0,0.00,0,0.00,0,0.00,0.00,0,,0,0,10,0.00,1,10,10.00,10,2,2,1,1,0,0,0,0,0,1,0,0,0,10,10,0,0,0,0
"Aug 01, 2015",289,208,1.39,27.74,119,5,8,8,0,0,0.00,0,15,0.00,0.00,0.00,0.00,0.00,0.00,0.00,0,0.00,0,0.00,0,0.00,0.00,0,,0,0,9,0.00,1,10,10.00,10,1,1,1,1,0,0,0,0,0,0,0,0,0,-2,1,3,-1,0,1
"Aug 02, 2015",304,181,1.68,33.50,116,5,15,31,0,0,0.00,0,13,0.00,0.00,0.00,0.00,0.00,0.00,0.00,0,0.00,0,0.00,0,0.00,0.00,0,,0,0,9,0.00,4,10,40.00,10,0,0,0,1,1,1,1,0,0,0,0,0,0,-2,1,3,0,0,0
"Aug 03, 2015",355,207,1.71,32.84,141,6,7,18,1,1,100.00,0,11,0.00,0.00,0.00,0.00,0.00,0.00,0.00,0,0.00,0,0.00,0,0.00,0.00,0,,0,0,9,0.00,2,9,22.22,9,1,1,0,0,0,0,0,0,0,0,0,0,0,2,3,1,-1,0,1
"Aug 04, 2015",430,255,1.69,35.26,144,7,27,59,0,0,0.00,0,10,0.00,0.00,0.00,0.00,0.00,0.00,0.00,0,0.00,0,0.00,0,0.00,0.00,0,,0,0,14,0.00,4,14,28.57,14,1,1,4,4,0,0,0,0,0,2,0,0,0,6,7,1,1,1,0
"Aug 05, 2015",283,197,1.44,30.20,125,5,16,27,0,0,0.00,0,16,0.00,0.00,0.00,0.00,0.00,0.00,0.00,0,0.00,0,0.00,0,0.00,0.00,0,,0,0,9,0.00,1,10,10.00,10,0,0,0,0,0,0,0,0,0,2,0,0,0,0,1,1,0,0,0
"Aug 06, 2015",454,260,1.75,34.73,141,8,13,27,0,0,0.00,0,16,0.00,0.00,0.00,0.00,0.00,0.00,0.00,0,0.00,0,0.00,0,0.00,0.00,0,,0,1,10,10.00,4,11,36.36,11,1,1,2,2,0,1,1,0,0,0,0,0,0,3,5,2,0,0,0
"Aug 07, 2015",348,202,1.72,35.80,121,6,6,19,0,0,0.00,0,15,0.00,0.00,0.00,0.00,0.00,0.00,0.00,0,0.00,0,0.00,0,0.00,0.00,0,,0,0,24,0.00,0,24,0.00,24,0,0,0,0,0,0,0,0,0,2,0,0,0,14,21,7,0,0,0
"Aug 08, 2015",290,173,1.68,34.96,132,5,13,48,0,0,0.00,0,8,0.00,0.00,0.00,0.00,0.00,0.00,0.00,0,0.00,0,0.00,0,0.00,0.00,0,,0,0,8,0.00,1,8,12.50,8,0,0,0,0,0,0,0,0,0,0,0,0,0,0,0,0,1,1,0
"Aug 09, 2015",459,234,1.96,39.12,138,8,23,80,0,0,0.00,0,21,0.00,0.00,0.00,0.00,0.00,0.00,0.00,0,0.00,0,0.00,0,0.00,0.00,0,,0,0,17,0.00,2,20,10.00,20,1,1,2,2,0,0,0,0,0,0,0,0,0,6,7,1,1,1,0
"Aug 10, 2015",359,219,1.64,32.49,134,6,15,41,6,10,60.00,8,28,28.57,0.00,0.00,0.00,0.00,0.00,0.00,0,0.00,0,0.00,0,0.00,0.00,0,,0,0,16,0.00,0,18,0.00,18,0,0,1,1,0,0,0,0,0,0,0,0,0,0,0,0,1,1,0
"Aug 11, 2015",369,263,1.40,28.85,175,6,0,0,0,0,0.00,0,8,0.00,0.00,0.00,0.00,0.00,0.00,0.00,0,0.00,0,0.00,0,0.00,0.00,0,,0,0,15,0.00,3,16,18.75,16,0,0,1,1,0,0,0,0,0,0,0,0,0,0,0,0,0,0,0
"Aug 12, 2015",433,286,1.52,32.35,160,7,15,48,0,0,0.00,0,26,0.00,0.00,0.00,0.00,0.00,0.00,0.00,0,0.00,0,0.00,0,0.00,0.00,0,,0,1,21,4.76,3,21,14.29,21,1,1,1,1,0,0,0,0,2,1,0,0,0,-1,2,3,1,1,0
"Aug 13, 2015",476,248,1.92,40.40,161,8,60,188,0,0,0.00,0,37,0.00,0.00,0.00,0.00,0.00,0.00,0.00,0,0.00,0,0.00,0,0.00,0.00,0,,0,0,11,0.00,1,12,8.33,12,1,1,4,4,0,0,0,0,0,1,0,0,0,2,5,3,0,0,0
"Aug 14, 2015",391,345,1.13,23.55,162,7,11,20,0,2,0.00,2,29,6.90,0.00,0.00,0.00,0.00,0.00,0.00,0,0.00,0,0.00,0,0.00,0.00,0,,0,0,14,0.00,1,17,5.88,17,0,0,0,0,0,2,2,0,0,0,0,0,0,1,11,10,2,2,0
"Aug 15, 2015",616,304,2.03,42.30,165,10,23,34,0,0,0.00,0,43,0.00,0.00,0.00,0.00,0.00,0.00,0.00,0,0.00,0,0.00,0,0.00,0.00,0,,0,0,12,0.00,1,12,8.33,12,1,1,1,1,0,1,1,0,0,1,0,0,0,2,5,3,-1,0,1
"Aug 16, 2015",382,252,1.52,32.39,182,6,30,53,0,0,0.00,0,46,0.00,0.00,0.00,0.00,0.00,0.00,0.00,0,0.00,0,0.00,0,0.00,0.00,0,,0,0,8,0.00,1,9,11.11,9,1,1,5,5,0,0,0,0,0,1,0,0,0,3,5,2,-1,0,1
"Aug 17, 2015",347,245,1.42,28.95,170,6,9,12,0,0,0.00,0,32,0.00,0.00,0.00,0.00,0.00,0.00,0.00,0,0.00,0,0.00,0,0.00,0.00,0,,0,1,13,7.69,1,14,7.14,14,0,0,2,2,0,0,0,0,0,0,0,0,0,0,0,0,2,3,1
"Aug 18, 2015",565,347,1.63,35.06,176,9,8,19,0,0,0.00,0,14,0.00,0.00,0.00,0.00,0.00,0.00,0.00,0,0.00,0,0.00,0,0.00,0.00,0,,0,0,14,0.00,1,14,7.14,14,0,0,0,0,0,0,0,0,0,1,0,0,0,0,0,0,1,1,0
"Aug 19, 2015",422,270,1.56,32.28,175,7,14,31,0,2,0.00,1,42,2.38,0.00,0.00,0.00,0.00,0.00,0.00,0,0.00,0,0.00,0,0.00,0.00,0,,0,0,7,0.00,2,8,25.00,8,1,1,1,1,0,0,0,0,0,1,0,0,0,5,5,0,1,1,0
"Aug 20, 2015",404,253,1.60,31.26,172,7,8,20,0,0,0.00,0,25,0.00,0.00,0.00,0.00,0.00,0.00,0.00,0,0.00,0,0.00,0,0.00,0.00,0,,0,0,8,0.00,1,8,12.50,8,0,0,0,0,0,0,0,0,0,0,0,0,0,0,0,0,0,0,0
"Aug 21, 2015",263,255,1.03,21.41,140,4,11,28,0,0,0.00,0,37,0.00,0.00,0.00,0.00,0.00,0.00,0.00,0,0.00,0,0.00,0,0.00,0.00,0,,0,0,15,0.00,2,15,13.33,15,1,1,1,1,0,0,0,0,0,0,0,0,0,6,7,1,-1,0,1
"Aug 22, 2015",419,268,1.56,33.47,157,7,28,51,0,1,0.00,1,43,2.33,0.00,0.00,0.00,0.00,0.00,0.00,0,0.00,0,0.00,0,0.00,0.00,0,,0,1,28,3.57,1,28,3.57,28,0,0,1,1,0,0,0,0,0,0,0,0,0,-1,0,1,1,1,0
"Aug 23, 2015",410,265,1.55,31.35,168,7,25,66,0,1,0.00,1,65,1.54,0.00,0.00,0.00,0.00,0.00,0.00,0,0.00,0,0.00,0,0.00,0.00,0,,0,1,18,5.56,2,18,11.11,18,1,1,2,2,0,0,0,0,0,0,0,0,0,5,5,0,1,1,0
"Aug 24, 2015",357,270,1.32,26.85,177,6,4,4,1,1,100.00,1,43,2.33,0.00,0.00,0.00,0.00,0.00,0.00,0,0.00,0,0.00,0,0.00,0.00,0,,0,0,9,0.00,3,9,33.33,9,0,0,2,2,0,0,0,0,0,1,0,0,0,0,1,1,1,1,0
"Aug 25, 2015",551,331,1.67,35.40,188,9,32,69,0,1,0.00,1,59,1.69,0.00,0.00,0.00,0.00,0.00,0.00,0,0.00,0,0.00,0,0.00,0.00,0,,0,0,24,0.00,1,25,4.00,25,1,1,4,5,1,0,0,0,0,0,0,0,0,6,6,0,0,1,1
"Aug 26, 2015",420,268,1.57,32.62,167,7,20,34,0,0,0.00,0,60,0.00,0.00,0.00,0.00,0.00,0.00,0.00,0,0.00,0,0.00,0,0.00,0.00,0,,0,0,20,0.00,0,20,0.00,20,1,1,1,1,0,0,0,0,0,0,0,0,0,3,4,1,0,0,0
"Aug 27, 2015",349,251,1.39,28.94,179,6,13,17,1,1,100.00,1,24,4.17,0.00,0.00,0.00,0.00,0.00,0.00,0,0.00,0,0.00,0,0.00,0.00,0,,0,0,19,0.00,2,19,10.53,19,1,1,0,0,0,0,0,0,0,0,0,0,0,4,4,0,-2,0,2
"Aug 28, 2015",564,305,1.85,38.67,168,9,18,32,0,0,0.00,0,31,0.00,0.00,0.00,0.00,0.00,0.00,0.00,0,0.00,0,0.00,0,0.00,0.00,0,,0,0,13,0.00,0,13,0.00,13,1,1,1,1,0,0,0,0,2,0,0,0,0,3,4,1,0,0,0
"Aug 29, 2015",361,224,1.61,33.25,123,6,35,54,0,0,0.00,0,47,0.00,0.00,0.00,0.00,0.00,0.00,0.00,0,0.00,0,0.00,0,0.00,0.00,0,,0,1,20,5.00,2,20,10.00,20,1,1,1,1,0,0,0,0,0,0,1,1,0,3,4,1,1,1,0
"Aug 30, 2015",250,180,1.39,29.52,129,4,8,3,0,0,0.00,0,32,0.00,0.00,0.00,0.00,0.00,0.00,0.00,0,0.00,0,0.00,0,0.00,0.00,0,,0,1,20,5.00,0,21,0.00,21,0,0,0,0,0,0,0,0,0,0,0,0,0,1,1,0,1,1,0
"Aug 31, 2015",275,182,1.51,28.03,121,5,5,2,0,0,0.00,0,32,0.00,0.00,0.00,0.00,0.00,0.00,0.00,0,0.00,0,0.00,0,0.00,0.00,0,,0,0,15,0.00,2,17,11.76,17,0,0,0,0,0,0,0,0,0,0,0,0,0,0,0,0,1,1,0
"Sep 01, 2015",345,243,1.42,29.84,159,6,9,6,0,0,0.00,0,22,0.00,0.00,0.00,0.00,0.00,0.00,0.00,0,0.00,0,0.00,0,0.00,0.00,0,,0,0,24,0.00,2,24,8.33,24,0,0,0,0,0,0,0,0,0,0,0,0,0,-2,0,2,-1,0,1
"Sep 02, 2015",322,256,1.26,26.75,160,5,12,13,0,0,0.00,0,26,0.00,0.00,0.00,0.00,0.00,0.00,0.00,0,0.00,0,0.00,0,0.00,0.00,0,,0,0,17,0.00,2,17,11.76,17,1,1,0,0,0,2,2,0,0,0,0,0,0,1,2,1,0,0,0
"Sep 03, 2015",400,278,1.44,30.23,189,7,15,25,0,0,0.00,0,30,0.00,0.00,0.00,0.00,0.00,0.00,0.00,0,0.00,0,0.00,0,0.00,0.00,0,,0,0,25,0.00,1,25,4.00,25,0,0,1,1,0,0,0,0,0,0,0,0,0,0,0,0,2,2,0
"Sep 04, 2015",331,236,1.40,29.55,150,6,8,7,0,0,0.00,0,31,0.00,0.00,0.00,0.00,0.00,0.00,0.00,0,0.00,0,0.00,0,0.00,0.00,0,,0,0,17,0.00,4,17,23.53,17,0,0,0,0,0,0,0,0,0,0,0,0,0,-2,0,2,1,1,0
"Sep 05, 2015",431,270,1.60,33.56,160,7,13,22,0,0,0.00,0,28,0.00,0.00,0.00,0.00,0.00,0.00,0.00,0,0.00,0,0.00,0,0.00,0.00,0,,0,0,15,0.00,4,15,26.67,15,1,1,1,1,0,0,0,0,0,1,0,0,0,3,3,0,1,1,0
"Sep 06, 2015",307,218,1.41,29.09,164,5,11,16,0,0,0.00,0,33,0.00,0.00,0.00,0.00,0.00,0.00,0.00,0,0.00,0,0.00,0,0.00,0.00,0,,0,0,5,0.00,0,5,0.00,5,0,0,1,1,0,0,0,0,0,0,0,0,0,0,0,0,0,0,0
"Sep 07, 2015",287,209,1.38,28.67,151,5,6,3,0,0,0.00,0,25,0.00,0.00,0.00,0.00,0.00,0.00,0.00,0,0.00,0,0.00,0,0.00,0.00,0,,0,0,9,0.00,0,9,0.00,9,0,0,1,1,0,0,0,0,0,0,0,0,0,-1,1,2,0,0,0
"Sep 08, 2015",322,240,1.34,27.26,155,5,8,5,1,1,100.00,1,31,3.23,0.00,0.00,0.00,0.00,0.00,0.00,0,0.00,0,0.00,0,0.00,0.00,0,,0,0,22,0.00,1,22,4.55,22,0,0,0,0,0,0,0,0,0,0,0,0,0,-1,0,1,0,0,0
"Sep 09, 2015",287,212,1.35,28.54,169,5,1,1,1,1,100.00,1,24,4.17,0.00,0.00,0.00,0.00,0.00,0.00,0,0.00,0,0.00,0,0.00,0.00,0,,0,0,17,0.00,1,17,5.88,17,0,0,0,0,0,0,0,0,0,0,0,0,0,0,0,0,0,0,0
"Sep 10, 2015",354,228,1.55,32.08,159,6,2,0,0,0,0.00,0,28,0.00,0.00,0.00,0.00,0.00,0.00,0.00,0,0.00,0,0.00,0,0.00,0.00,0,,0,0,8,0.00,0,8,0.00,8,0,0,1,1,0,0,0,0,0,0,0,0,0,0,1,1,1,1,0
"Sep 11, 2015",391,238,1.64,32.48,141,7,0,0,0,2,0.00,1,22,4.55,0.00,0.00,0.00,0.00,0.00,0.00,0,0.00,0,0.00,0,0.00,0.00,0,,0,0,17,0.00,5,17,29.41,17,0,0,0,0,0,0,0,0,0,0,0,0,0,0,0,0,1,1,0
"Sep 12, 2015",361,215,1.68,34.17,145,6,6,17,0,0,0.00,0,27,0.00,0.00,0.00,0.00,0.00,0.00,0.00,0,0.00,0,0.00,0,0.00,0.00,0,,0,1,8,12.50,0,8,0.00,8,0,0,0,0,0,0,0,0,1,0,0,0,0,0,0,0,0,0,0
"Sep 13, 2015",317,226,1.40,30.01,156,5,0,0,0,0,0.00,0,38,0.00,0.00,0.00,0.00,0.00,0.00,0.00,0,0.00,0,0.00,0,0.00,0.00,0,,0,1,26,3.85,0,27,0.00,27,0,0,0,0,0,0,0,0,0,0,0,0,0,1,1,0,1,1,0
"Sep 14, 2015",328,239,1.37,28.29,169,5,1,0,0,1,0.00,1,35,2.86,0.00,0.00,0.00,0.00,0.00,0.00,0,0.00,0,0.00,0,0.00,0.00,0,,0,0,19,0.00,4,19,21.05,19,0,0,0,0,0,0,0,0,0,0,0,0,0,-1,0,1,0,0,0
"Sep 15, 2015",464,292,1.59,33.76,179,8,17,12,0,5,0.00,2,61,3.28,0.00,0.00,0.00,0.00,0.00,0.00,0,0.00,0,0.00,0,0.00,0.00,0,,0,0,24,0.00,0,26,0.00,26,1,1,2,2,0,0,0,0,0,0,0,0,0,5,5,0,1,1,0
"Sep 16, 2015",283,213,1.33,28.43,155,5,13,23,0,1,0.00,1,37,2.70,0.00,0.00,0.00,0.00,0.00,0.00,0,0.00,0,0.00,0,0.00,0.00,0,,0,0,4,0.00,0,4,0.00,4,0,0,0,0,0,0,0,0,1,1,0,0,0,0,0,0,2,2,0
"Sep 17, 2015",440,272,1.62,33.74,185,7,21,60,1,1,100.00,1,23,4.35,0.00,0.00,0.00,0.00,0.00,0.00,0,0.00,0,0.00,0,0.00,0.00,0,,0,0,8,0.00,2,8,25.00,8,1,1,0,0,0,0,0,0,3,1,0,0,0,5,7,2,0,1,1
"Sep 18, 2015",338,257,1.32,27.00,187,6,17,22,0,0,0.00,0,43,0.00,0.00,0.00,0.00,0.00,0.00,0.00,0,0.00,0,0.00,0,0.00,0.00,0,,0,0,12,0.00,3,12,25.00,12,1,1,1,1,0,1,1,0,0,2,0,0,0,2,4,2,1,1,0
"Sep 19, 2015",556,314,1.77,36.00,194,9,32,76,0,1,0.00,6,40,15.00,0.00,0.00,0.00,0.00,0.00,0.00,0,0.00,0,0.00,0,0.00,0.00,0,,0,0,8,0.00,1,9,11.11,9,1,1,0,0,0,0,0,0,1,1,0,0,0,8,8,0,0,0,0
"Sep 20, 2015",530,312,1.70,34.27,210,9,27,44,1,2,50.00,1,40,2.50,0.00,0.00,0.00,0.00,0.00,0.00,0,0.00,0,0.00,0,0.00,0.00,0,,0,0,13,0.00,1,13,7.69,13,1,1,0,0,0,0,0,0,0,0,0,0,0,4,4,0,1,1,0
"Sep 21, 2015",866,378,2.29,48.76,172,14,11,25,0,0,0.00,0,45,0.00,0.00,0.00,0.00,0.00,0.00,0.00,0,0.00,0,0.00,0,0.00,0.00,0,,0,0,14,0.00,0,15,0.00,15,0,0,0,0,0,0,0,0,0,0,0,0,0,0,0,0,1,1,0
"Sep 22, 2015",419,292,1.43,30.93,201,7,15,12,4,9,44.44,5,47,10.64,0.00,0.00,0.00,0.00,0.00,0.00,0,0.00,0,0.00,0,0.00,0.00,0,,0,1,14,7.14,0,14,0.00,14,1,1,2,2,0,2,2,0,0,0,0,0,0,3,4,1,0,0,0
"Sep 23, 2015",370,296,1.25,27.08,204,6,3,3,0,1,0.00,1,33,3.03,0.00,0.00,0.00,0.00,0.00,0.00,0,0.00,0,0.00,0,0.00,0.00,0,,0,0,13,0.00,0,13,0.00,13,0,0,0,0,0,0,0,0,0,0,0,0,0,0,0,0,0,0,0
"Sep 24, 2015",349,249,1.40,27.58,176,6,3,1,0,0,0.00,0,12,0.00,0.00,0.00,0.00,0.00,0.00,0.00,0,0.00,0,0.00,0,0.00,0.00,0,,0,0,8,0.00,1,9,11.11,9,0,0,0,0,0,0,0,0,0,0,0,0,0,1,1,0,0,1,1
"Sep 25, 2015",360,305,1.18,27.49,188,6,16,18,0,0,0.00,0,29,0.00,0.00,0.00,0.00,0.00,0.00,0.00,0,0.00,0,0.00,0,0.00,0.00,0,,0,1,14,7.14,2,14,14.29,14,4,4,2,2,0,0,0,0,0,0,0,0,0,13,15,2,0,0,0
"Sep 26, 2015",493,363,1.36,31.48,194,8,76,99,1,1,100.00,1,43,2.33,0.00,0.00,0.00,0.00,0.00,0.00,0,0.00,0,0.00,0,0.00,0.00,0,,0,0,16,0.00,1,25,4.00,25,3,3,9,9,0,0,0,0,1,0,0,0,0,9,10,1,-1,0,1
"Sep 27, 2015",478,335,1.43,31.06,197,8,14,25,0,0,0.00,0,31,0.00,0.00,0.00,0.00,0.00,0.00,0.00,0,0.00,0,0.00,0,0.00,0.00,0,,0,0,18,0.00,4,21,19.05,21,0,0,0,0,0,0,0,0,0,0,0,0,0,1,1,0,1,2,1
"Sep 28, 2015",372,263,1.41,30.25,188,6,14,14,0,0,0.00,0,21,0.00,0.00,0.00,0.00,0.00,0.00,0.00,0,0.00,0,0.00,0,0.00,0.00,0,,0,0,7,0.00,1,7,14.29,7,0,0,2,2,0,1,1,0,0,0,0,0,0,-1,5,6,1,1,0
"Sep 29, 2015",406,295,1.38,30.42,199,7,6,14,0,0,0.00,0,19,0.00,0.00,0.00,0.00,0.00,0.00,0.00,0,0.00,0,0.00,0,0.00,0.00,0,,0,0,9,0.00,0,9,0.00,9,0,0,0,0,0,0,0,0,0,0,0,0,0,0,0,0,0,0,0
"Sep 30, 2015",439,319,1.38,30.02,195,7,6,0,0,0,0.00,0,34,0.00,0.00,0.00,0.00,0.00,0.00,0.00,0,0.00,0,0.00,0,0.00,0.00,0,,0,1,20,5.00,5,24,20.83,24,0,0,3,3,0,0,0,0,0,0,0,0,0,0,0,0,2,2,0
"Oct 01, 2015",373,281,1.33,27.47,188,6,20,37,0,0,0.00,0,30,0.00,0.00,0.00,0.00,0.00,0.00,0.00,0,0.00,0,0.00,0,0.00,0.00,0,,0,1,6,16.67,0,10,0.00,10,0,0,8,8,0,0,0,0,0,1,1,1,0,9,9,0,0,1,1
"Oct 02, 2015",290,231,1.26,27.20,145,5,1,0,0,0,0.00,0,25,0.00,0.00,0.00,0.00,0.00,0.00,0.00,0,0.00,0,0.00,0,0.00,0.00,0,,0,0,3,0.00,0,5,0.00,5,0,0,0,0,0,0,0,0,0,0,0,0,0,0,0,0,1,1,0
"Oct 03, 2015",300,247,1.21,27.30,170,5,0,0,0,0,0.00,0,25,0.00,0.00,0.00,0.00,0.00,0.00,0.00,0,0.00,0,0.00,0,0.00,0.00,0,,0,0,7,0.00,2,12,16.67,12,0,0,0,0,0,0,0,0,0,0,0,0,0,-1,0,1,0,0,0
"Oct 04, 2015",449,302,1.49,29.57,216,7,3,1,0,0,0.00,0,23,0.00,0.00,0.00,0.00,0.00,0.00,0.00,0,0.00,0,0.00,0,0.00,0.00,0,,0,0,10,0.00,1,10,10.00,10,0,0,0,0,0,0,0,0,0,0,0,0,0,0,0,0,1,1,0
"Oct 05, 2015",487,308,1.58,33.02,188,8,9,15,0,0,0.00,0,24,0.00,0.00,0.00,0.00,0.00,0.00,0.00,0,0.00,0,0.00,0,0.00,0.00,0,,0,0,15,0.00,1,19,5.26,19,0,0,3,3,0,0,0,0,0,0,1,1,0,1,1,0,0,0,0
"Oct 06, 2015",458,315,1.45,30.40,191,8,1,1,0,0,0.00,0,36,0.00,0.00,0.00,0.00,0.00,0.00,0.00,0,0.00,0,0.00,0,0.00,0.00,0,,0,0,21,0.00,2,25,8.00,25,0,0,0,0,0,0,0,0,0,0,1,1,0,1,1,0,1,1,0
"Oct 07, 2015",353,244,1.45,30.43,168,6,4,6,0,2,0.00,1,23,4.35,0.00,0.00,0.00,0.00,0.00,0.00,0,0.00,0,0.00,0,0.00,0.00,0,,0,1,17,5.88,1,22,4.55,22,0,0,1,1,0,0,0,0,0,0,0,0,0,0,0,0,-1,0,1
"Oct 08, 2015",365,334,1.09,23.64,163,6,1,0,0,0,0.00,0,17,0.00,0.00,0.00,0.00,0.00,0.00,0.00,0,0.00,0,0.00,0,0.00,0.00,0,,0,1,16,6.25,4,16,25.00,16,0,0,0,0,0,0,0,0,0,0,0,0,0,0,0,0,1,1,0
"Oct 09, 2015",360,259,1.39,31.06,167,6,1,1,0,0,0.00,0,10,0.00,0.00,0.00,0.00,0.00,0.00,0.00,0,0.00,0,0.00,0,0.00,0.00,0,,0,1,8,12.50,1,10,10.00,10,0,0,2,2,0,0,0,0,3,0,0,0,0,1,1,0,0,0,0
"Oct 10, 2015",577,459,1.26,26.17,178,10,11,17,0,0,0.00,0,48,0.00,0.00,0.00,0.00,0.00,0.00,0.00,0,0.00,0,0.00,0,0.00,0.00,0,,0,1,48,2.08,4,50,8.00,50,0,0,0,0,0,0,0,0,0,0,0,0,0,2,2,0,1,1,0
"Oct 11, 2015",364,276,1.32,26.86,199,6,1,0,1,1,100.00,1,35,2.86,0.00,0.00,0.00,0.00,0.00,0.00,0,0.00,0,0.00,0,0.00,0.00,0,,0,1,20,5.00,3,23,13.04,23,0,0,0,0,0,1,1,0,1,0,0,0,0,0,0,0,2,2,0
"Oct 12, 2015",377,233,1.62,34.26,176,6,2,2,0,0,0.00,0,41,0.00,0.00,0.00,0.00,0.00,0.00,0.00,0,0.00,0,0.00,0,0.00,0.00,0,,0,1,18,5.56,3,19,15.79,19,0,0,0,0,0,1,1,0,0,1,0,0,0,0,0,0,1,1,0
"Oct 13, 2015",339,270,1.26,27.85,186,6,2,3,0,0,0.00,0,25,0.00,0.00,0.00,0.00,0.00,0.00,0.00,0,0.00,0,0.00,0,0.00,0.00,0,,0,1,22,4.55,4,24,16.67,24,0,0,1,1,0,0,0,0,0,0,0,0,0,0,0,0,2,2,0
"Oct 14, 2015",411,286,1.44,30.34,198,7,5,1,0,0,0.00,0,14,0.00,0.00,0.00,0.00,0.00,0.00,0.00,0,0.00,0,0.00,0,0.00,0.00,0,,0,0,16,0.00,5,16,31.25,16,0,0,-1,0,1,0,0,0,1,0,0,0,0,2,3,1,2,2,0
"Oct 15, 2015",418,264,1.58,32.75,177,7,1,5,0,0,0.00,0,16,0.00,0.00,0.00,0.00,0.00,0.00,0.00,0,0.00,0,0.00,0,0.00,0.00,0,,0,0,7,0.00,0,7,0.00,7,0,0,1,2,1,0,0,0,0,0,0,0,0,0,0,0,1,1,0
"Oct 16, 2015",502,276,1.82,36.37,173,8,1,0,0,0,0.00,0,15,0.00,0.00,0.00,0.00,0.00,0.00,0.00,0,0.00,0,0.00,0,0.00,0.00,0,,0,0,8,0.00,0,9,0.00,9,0,0,1,1,0,0,0,0,1,1,0,0,0,2,2,0,0,0,0
"Oct 17, 2015",363,283,1.28,28.00,165,6,10,17,0,1,0.00,1,18,5.56,0.00,0.00,0.00,0.00,0.00,0.00,0,0.00,0,0.00,0,0.00,0.00,0,,0,1,6,16.67,3,6,50.00,6,0,0,0,0,0,0,0,0,1,0,0,0,0,0,0,0,1,2,1
"Oct 18, 2015",562,420,1.34,26.84,245,9,32,50,0,0,0.00,0,23,0.00,0.00,0.00,0.00,0.00,0.00,0.00,0,0.00,0,0.00,0,0.00,0.00,0,,0,0,16,0.00,2,16,12.50,16,2,2,1,1,0,0,0,0,0,1,0,0,0,10,11,1,0,0,0
"Oct 19, 2015",430,337,1.28,25.20,241,7,8,8,0,2,0.00,1,12,8.33,0.00,0.00,0.00,0.00,0.00,0.00,0,0.00,0,0.00,0,0.00,0.00,0,,0,0,39,0.00,8,41,19.51,41,0,0,0,0,0,1,1,0,0,0,0,0,0,0,0,0,0,0,0
"Oct 20, 2015",541,341,1.59,31.43,226,9,5,11,0,0,0.00,0,18,0.00,0.00,0.00,0.00,0.00,0.00,0.00,0,0.00,0,0.00,0,0.00,0.00,0,,0,0,15,0.00,2,18,11.11,18,0,0,1,2,1,1,1,0,0,2,0,0,0,-2,1,3,-1,0,1
"Oct 21, 2015",510,341,1.49,30.29,220,8,2,1,0,0,0.00,0,13,0.00,0.00,0.00,0.00,0.00,0.00,0.00,0,0.00,0,0.00,0,0.00,0.00,0,,0,0,17,0.00,0,17,0.00,17,0,0,0,0,0,0,0,0,0,0,0,0,0,-1,0,1,1,1,0
"Oct 22, 2015",433,350,1.24,24.63,240,7,12,24,0,2,0.00,1,22,4.55,0.00,0.00,0.00,0.00,0.00,0.00,0,0.00,0,0.00,0,0.00,0.00,0,,0,1,14,7.14,0,14,0.00,14,0,0,1,1,0,0,0,0,0,0,0,0,0,-3,0,3,3,3,0
"Oct 23, 2015",499,346,1.44,28.84,212,8,15,51,0,1,0.00,1,20,5.00,0.00,0.00,0.00,0.00,0.00,0.00,0,0.00,0,0.00,0,0.00,0.00,0,,0,0,18,0.00,1,21,4.76,21,0,0,1,1,0,0,0,0,0,1,0,0,0,1,2,1,0,0,0
"Oct 24, 2015",377,278,1.36,27.91,178,6,3,1,0,0,0.00,0,28,0.00,0.00,0.00,0.00,0.00,0.00,0.00,0,0.00,0,0.00,0,0.00,0.00,0,,0,0,14,0.00,4,17,23.53,17,0,0,0,0,0,0,0,0,0,2,0,0,0,0,0,0,1,2,1
"Oct 25, 2015",441,341,1.29,25.24,237,7,1,1,0,0,0.00,0,16,0.00,0.00,0.00,0.00,0.00,0.00,0.00,0,0.00,0,0.00,0,0.00,0.00,0,,0,0,30,0.00,0,31,0.00,31,0,0,1,1,0,0,0,0,1,0,0,0,0,1,1,0,1,1,0
"Oct 26, 2015",422,325,1.30,25.44,216,7,3,7,0,0,0.00,0,21,0.00,0.00,0.00,0.00,0.00,0.00,0.00,0,0.00,0,0.00,0,0.00,0.00,0,,0,0,4,0.00,1,5,20.00,5,0,0,0,0,0,0,0,0,1,0,0,0,0,0,0,0,-2,0,2
"Oct 27, 2015",351,273,1.29,25.81,199,6,1,0,0,0,0.00,0,9,0.00,0.00,0.00,0.00,0.00,0.00,0.00,0,0.00,0,0.00,0,0.00,0.00,0,,0,0,17,0.00,5,17,29.41,17,0,0,1,1,0,0,0,0,0,0,0,0,0,0,0,0,0,0,0
"Oct 28, 2015",619,371,1.67,32.71,232,10,3,1,0,0,0.00,0,22,0.00,0.00,0.00,0.00,0.00,0.00,0.00,0,0.00,0,0.00,0,0.00,0.00,0,0,0,0,18,0.00,3,18,16.67,18,0,0,0,0,0,1,1,0,0,0,0,0,0,0,0,0,2,2,0
"Oct 29, 2015",413,289,1.43,27.96,211,7,5,5,0,0,0.00,0,22,0.00,0.00,0.00,0.00,0.00,0.00,0.00,0,0.00,0,0.00,0,0.00,0.00,0,1,0,0,14,0.00,1,14,7.14,14,0,0,1,1,0,0,0,0,0,0,0,0,0,0,0,0,0,0,0
"Oct 30, 2015",334,277,1.21,23.09,198,6,0,0,0,0,0.00,0,13,0.00,0.00,0.00,0.00,0.00,0.00,0.00,0,0.00,0,0.00,0,0.00,0.00,0,0,0,0,8,0.00,2,8,25.00,8,0,0,1,1,0,0,0,0,0,0,0,0,0,-1,0,1,0,0,0
"Oct 31, 2015",489,379,1.29,25.09,214,8,6,9,0,2,0.00,1,28,3.57,0.00,0.00,0.00,0.00,0.00,0.00,0,0.00,0,0.00,0,0.00,0.00,0,0,0,1,29,3.45,5,31,16.13,31,0,0,3,3,0,0,0,0,0,0,0,0,0,1,1,0,0,0,0
"Nov 01, 2015",405,293,1.38,26.20,206,7,0,0,0,1,0.00,1,23,4.35,0.00,0.00,0.00,0.00,0.00,0.00,0,0.00,0,0.00,0,0.00,0.00,0,1,0,3,17,17.65,1,18,5.56,18,0,0,3,3,0,0,0,0,0,0,0,0,0,-1,0,1,3,3,0
"Nov 02, 2015",399,328,1.22,23.76,213,7,3,8,0,0,0.00,0,18,0.00,0.00,0.00,0.00,0.00,0.00,0.00,0,0.00,0,0.00,0,0.00,0.00,2,3,0,2,10,20.00,4,12,33.33,12,0,0,0,0,0,0,0,0,0,0,0,0,0,3,4,1,-1,0,1
"Nov 03, 2015",555,384,1.44,28.46,257,9,2,3,0,0,0.00,0,48,0.00,0.00,0.00,0.00,0.00,0.00,0.00,0,0.00,0,0.00,0,0.00,0.00,0,0,0,0,24,0.00,2,24,8.33,24,0,0,1,1,0,0,0,0,0,0,0,0,0,1,1,0,2,2,0
"Nov 04, 2015",577,466,1.24,23.07,321,10,0,0,0,0,0.00,0,60,0.00,0.00,0.00,0.00,0.00,0.00,0.00,0,0.00,0,0.00,0,0.00,0.00,0,1,0,0,17,0.00,0,20,0.00,20,0,0,0,0,0,1,1,0,3,0,0,0,0,0,0,0,0,0,0
"Nov 05, 2015",492,432,1.14,21.11,313,8,1,0,0,0,0.00,0,27,0.00,0.00,0.00,0.00,0.00,0.00,0.00,0,0.00,0,0.00,0,0.00,0.00,1,1,0,0,4,0.00,1,8,12.50,8,0,0,2,2,0,1,1,0,0,0,0,0,0,1,1,0,0,0,0
"Nov 06, 2015",535,423,1.26,23.86,280,9,4,4,0,0,0.00,0,29,0.00,0.00,0.00,0.00,0.00,0.00,0.00,0,0.00,0,0.00,0,0.00,0.00,0,0,0,0,13,0.00,2,23,8.70,23,0,0,2,2,0,0,0,0,0,0,0,0,0,1,2,1,1,1,0
"Nov 07, 2015",487,344,1.42,27.47,240,8,2,6,3,10,30.00,8,46,17.39,0.00,0.00,0.00,0.00,0.00,0.00,0,0.00,0,0.00,0,0.00,0.00,0,1,0,0,20,0.00,3,21,14.29,21,0,0,2,2,0,0,0,0,0,4,0,0,0,1,2,1,0,0,0
"Nov 08, 2015",487,336,1.45,29.84,228,8,6,25,0,0,0.00,0,51,0.00,0.00,0.00,0.00,0.00,0.00,0.00,0,0.00,0,0.00,0,0.00,0.00,1,1,0,0,12,0.00,0,12,0.00,12,0,0,0,0,0,0,0,0,0,0,0,0,0,0,0,0,1,1,0
"Nov 09, 2015",420,337,1.25,25.68,236,7,2,1,0,0,0.00,0,23,0.00,0.00,0.00,0.00,0.00,0.00,0.00,0,0.00,0,0.00,0,0.00,0.00,0,0,0,0,20,0.00,3,21,14.29,21,0,0,0,0,0,0,0,0,0,0,0,0,0,0,0,0,0,0,0
"Nov 10, 2015",417,311,1.34,28.96,215,7,6,12,1,2,50.00,1,32,3.12,0.00,0.00,0.00,0.00,0.00,0.00,0,0.00,0,0.00,0,0.00,0.00,0,0,0,0,15,0.00,0,15,0.00,15,0,0,0,0,0,1,1,0,1,0,0,0,0,0,0,0,1,1,0
"Nov 11, 2015",387,291,1.33,27.98,198,6,2,0,0,0,0.00,0,36,0.00,0.00,0.00,0.00,0.00,0.00,0.00,0,0.00,0,0.00,0,0.00,0.00,0,0,0,0,23,0.00,0,23,0.00,23,0,0,1,1,0,0,0,0,0,0,0,0,0,-1,0,1,1,1,0
"Nov 12, 2015",382,263,1.45,29.75,193,6,0,0,0,0,0.00,0,19,0.00,0.00,0.00,0.00,0.00,0.00,0.00,0,0.00,0,0.00,0,0.00,0.00,0,0,0,0,11,0.00,2,11,18.18,11,0,0,1,1,0,0,0,0,0,0,0,0,0,3,4,1,0,0,0
"Nov 13, 2015",308,218,1.41,29.07,153,5,0,0,0,0,0.00,0,14,0.00,0.00,0.00,0.00,0.00,0.00,0.00,0,0.00,0,0.00,0,0.00,0.00,0,0,0,0,15,0.00,0,15,0.00,15,0,0,1,1,0,0,0,0,0,1,0,0,0,0,0,0,-1,0,1
"Nov 14, 2015",529,313,1.69,34.73,181,9,1,8,0,0,0.00,0,11,0.00,0.00,0.00,0.00,0.00,0.00,0.00,0,0.00,0,0.00,0,0.00,0.00,0,0,0,1,20,5.00,2,20,10.00,20,0,0,0,0,0,0,0,0,0,0,0,0,0,0,0,0,-1,0,1
"Nov 15, 2015",444,337,1.32,26.71,220,7,5,3,0,0,0.00,0,14,0.00,0.00,0.00,0.00,0.00,0.00,0.00,0,0.00,0,0.00,0,0.00,0.00,0,0,0,0,9,0.00,2,9,22.22,9,0,0,0,0,0,0,0,0,0,0,0,0,0,0,0,0,2,2,0
"Nov 16, 2015",457,286,1.60,35.12,198,8,0,0,0,0,0.00,0,20,0.00,0.00,0.00,0.00,0.00,0.00,0.00,0,0.00,0,0.00,0,0.00,0.00,0,0,0,5,30,16.67,3,30,10.00,30,0,0,1,1,0,1,1,0,0,0,0,0,0,-1,0,1,0,0,0
"Nov 17, 2015",465,324,1.44,31.42,206,8,10,30,0,0,0.00,0,33,0.00,0.00,0.00,0.00,0.00,0.00,0.00,0,0.00,0,0.00,0,0.00,0.00,3,2,0,0,22,0.00,2,23,8.70,23,0,0,8,9,1,0,0,0,1,1,0,0,0,5,5,0,0,0,0
"Nov 18, 2015",459,324,1.42,30.35,185,8,3,6,0,0,0.00,0,55,0.00,0.00,0.00,0.00,0.00,0.00,0.00,0,0.00,0,0.00,0,0.00,0.00,0,0,0,0,35,0.00,5,36,13.89,36,0,0,0,0,0,0,0,0,0,2,0,0,0,2,2,0,0,0,0
"Nov 19, 2015",420,299,1.40,31.73,192,7,3,6,0,0,0.00,0,17,0.00,0.00,0.00,0.00,0.00,0.00,0.00,0,0.00,0,0.00,0,0.00,0.00,0,1,0,0,27,0.00,0,27,0.00,27,0,0,1,1,0,0,0,0,7,1,0,0,0,-1,0,1,0,0,0
"Nov 20, 2015",269,223,1.21,27.14,151,4,0,0,0,0,0.00,0,18,0.00,0.00,0.00,0.00,0.00,0.00,0.00,0,0.00,0,0.00,0,0.00,0.00,0,0,0,0,13,0.00,1,13,7.69,13,0,0,0,0,0,1,1,0,0,3,0,0,0,0,0,0,0,0,0
"Nov 21, 2015",315,235,1.34,27.34,154,5,1,1,0,0,0.00,0,9,0.00,0.00,0.00,0.00,0.00,0.00,0.00,0,0.00,0,0.00,0,0.00,0.00,0,0,0,0,12,0.00,2,12,16.67,12,0,0,0,0,0,1,1,0,0,0,0,0,0,0,0,0,1,1,0
"Nov 22, 2015",407,282,1.44,28.60,194,7,0,0,0,0,0.00,0,13,0.00,0.00,0.00,0.00,0.00,0.00,0.00,0,0.00,0,0.00,0,0.00,0.00,3,1,0,1,15,6.67,4,15,26.67,15,0,0,0,0,0,0,0,0,0,0,0,0,0,0,0,0,0,0,0
"Nov 23, 2015",416,270,1.54,32.78,188,7,7,4,0,0,0.00,0,12,0.00,0.00,0.00,0.00,0.00,0.00,0.00,0,0.00,0,0.00,0,0.00,0.00,0,1,0,0,13,0.00,1,13,7.69,13,0,0,0,0,0,1,1,0,0,1,0,0,0,0,0,0,1,1,0
"Nov 24, 2015",447,291,1.53,33.29,193,7,3,1,0,0,0.00,0,21,0.00,0.00,0.00,0.00,0.00,0.00,0.00,0,0.00,0,0.00,0,0.00,0.00,0,0,0,0,11,0.00,1,12,8.33,12,0,0,-8,0,8,0,0,0,0,0,0,0,0,0,0,0,0,0,0
"Nov 25, 2015",306,230,1.33,29.45,162,5,0,0,0,0,0.00,0,12,0.00,0.00,0.00,0.00,0.00,0.00,0.00,0,0.00,0,0.00,0,0.00,0.00,0,2,0,0,10,0.00,1,11,9.09,11,0,0,1,1,0,1,1,0,0,0,0,0,0,0,1,1,1,1,0
"Nov 26, 2015",363,253,1.43,29.96,165,6,2,3,0,0,0.00,0,19,0.00,0.00,0.00,0.00,0.00,0.00,0.00,0,0.00,0,0.00,0,0.00,0.00,0,0,0,0,13,0.00,2,19,10.53,19,0,0,0,0,0,0,0,0,0,0,1,1,0,0,1,1,-1,0,1
"Nov 27, 2015",290,212,1.37,28.33,163,5,2,0,0,0,0.00,0,29,0.00,0.00,0.00,0.00,0.00,0.00,0.00,0,0.00,0,0.00,0,0.00,0.00,0,0,0,0,19,0.00,1,25,4.00,25,0,0,0,0,0,0,0,0,0,0,0,0,0,19,19,0,0,0,0
"Nov 28, 2015",329,256,1.28,26.02,178,5,4,21,0,0,0.00,0,17,0.00,0.00,0.00,0.00,0.00,0.00,0.00,0,0.00,0,0.00,0,0.00,0.00,0,0,0,0,24,0.00,5,24,20.83,24,0,0,1,1,0,0,0,0,0,0,0,0,0,0,0,0,0,0,0
"Nov 29, 2015",261,223,1.17,24.75,166,4,0,0,0,0,0.00,0,25,0.00,0.00,0.00,0.00,0.00,0.00,0.00,0,0.00,0,0.00,0,0.00,0.00,0,0,0,0,23,0.00,3,23,13.04,23,0,0,0,0,0,0,0,0,0,0,0,0,0,0,0,0,0,0,0
"Nov 30, 2015",340,222,1.53,32.36,172,6,0,0,0,0,0.00,0,25,0.00,0.00,0.00,0.00,0.00,0.00,0.00,0,0.00,0,0.00,0,0.00,0.00,0,0,0,0,12,0.00,1,12,8.33,12,0,0,1,1,0,0,0,0,0,0,0,0,0,1,1,0,1,1,0
"Dec 01, 2015",316,240,1.32,27.98,164,5,2,10,0,0,0.00,0,18,0.00,0.00,0.00,0.00,0.00,0.00,0.00,0,0.00,0,0.00,0,0.00,0.00,0,0,0,0,7,0.00,2,7,28.57,7,0,0,0,0,0,0,0,0,0,1,0,0,0,0,0,0,1,1,0
"Dec 02, 2015",340,233,1.46,31.67,167,6,4,5,0,0,0.00,0,19,0.00,0.00,0.00,0.00,0.00,0.00,0.00,0,0.00,0,0.00,0,0.00,0.00,0,0,0,0,21,0.00,1,24,4.17,24,0,0,1,1,0,0,0,0,0,0,0,0,0,1,1,0,0,0,0
"Dec 03, 2015",364,242,1.50,31.62,161,6,0,0,0,0,0.00,0,19,0.00,0.00,0.00,0.00,0.00,0.00,0.00,0,0.00,0,0.00,0,0.00,0.00,0,1,0,1,17,5.88,1,18,5.56,18,0,0,1,1,0,0,0,0,0,0,0,0,0,0,0,0,0,0,0
"Dec 04, 2015",363,213,1.71,36.23,141,6,5,21,0,0,0.00,0,15,0.00,0.00,0.00,0.00,0.00,0.00,0.00,0,0.00,0,0.00,0,0.00,0.00,0,1,0,1,7,14.29,0,8,0.00,8,0,0,0,0,0,0,0,0,0,0,0,0,0,0,0,0,1,1,0
"Dec 05, 2015",443,276,1.61,33.85,163,7,45,174,0,0,0.00,0,13,0.00,0.00,0.00,0.00,0.00,0.00,0.00,0,0.00,0,0.00,0,0.00,0.00,0,0,0,0,13,0.00,0,13,0.00,13,0,0,0,0,0,0,0,0,0,0,0,0,0,0,0,0,1,1,0
"Dec 06, 2015",363,260,1.40,30.13,197,6,6,1,0,0,0.00,0,18,0.00,0.00,0.00,0.00,0.00,0.00,0.00,0,0.00,0,0.00,0,0.00,0.00,0,0,0,0,10,0.00,1,11,9.09,11,0,0,0,0,0,0,0,0,0,0,0,0,0,0,0,0,1,1,0
"Dec 07, 2015",370,246,1.50,32.50,166,6,1,0,0,0,0.00,0,21,0.00,0.00,0.00,0.00,0.00,0.00,0.00,0,0.00,0,0.00,0,0.00,0.00,0,0,0,1,26,3.85,3,28,10.71,28,0,0,1,1,0,0,0,0,0,0,0,0,0,1,1,0,1,1,0
"Dec 08, 2015",368,271,1.36,29.76,178,6,6,4,0,0,0.00,0,9,0.00,0.00,0.00,0.00,0.00,0.00,0.00,0,0.00,0,0.00,0,0.00,0.00,0,0,0,0,16,0.00,0,16,0.00,16,0,0,1,1,0,0,0,0,0,0,0,0,0,1,1,0,0,1,1
"Dec 09, 2015",344,255,1.35,29.01,175,6,5,16,0,0,0.00,0,17,0.00,0.00,0.00,0.00,0.00,0.00,0.00,0,0.00,0,0.00,0,0.00,0.00,0,0,0,1,15,6.67,1,15,6.67,15,0,0,0,0,0,1,1,0,0,1,0,0,0,0,0,0,0,0,0
"Dec 10, 2015",325,240,1.35,28.22,159,5,21,23,0,0,0.00,0,12,0.00,0.00,0.00,0.00,0.00,0.00,0.00,0,0.00,0,0.00,0,0.00,0.00,0,0,0,0,6,0.00,2,9,22.22,9,0,0,4,5,1,0,0,0,0,0,0,0,0,0,0,0,0,0,0
"Dec 11, 2015",333,230,1.45,29.96,161,6,9,15,0,0,0.00,0,21,0.00,0.00,0.00,0.00,0.00,0.00,0.00,0,0.00,0,0.00,0,0.00,0.00,0,0,0,3,28,10.71,2,28,7.14,28,0,0,0,0,0,0,0,0,1,0,0,0,0,0,0,0,0,0,0
"Dec 12, 2015",355,234,1.52,32.18,158,6,6,18,0,0,0.00,0,19,0.00,0.00,0.00,0.00,0.00,0.00,0.00,0,0.00,0,0.00,0,0.00,0.00,0,0,0,1,10,10.00,0,16,0.00,16,0,0,0,0,0,0,0,0,0,0,0,0,0,0,0,0,1,1,0
"Dec 13, 2015",575,369,1.56,34.32,193,10,9,27,0,0,0.00,0,32,0.00,0.00,0.00,0.00,0.00,0.00,0.00,0,0.00,0,0.00,0,0.00,0.00,0,0,0,0,18,0.00,1,18,5.56,18,0,0,4,4,0,0,0,0,0,0,0,0,0,0,0,0,1,1,0
"Dec 14, 2015",387,269,1.44,32.41,194,6,13,27,0,0,0.00,0,29,0.00,0.00,0.00,0.00,0.00,0.00,0.00,0,0.00,0,0.00,0,0.00,0.00,0,0,0,0,24,0.00,1,25,4.00,25,0,0,0,0,0,1,1,0,0,0,0,0,0,0,0,0,1,1,0
"Dec 15, 2015",425,257,1.65,35.71,186,7,5,12,0,0,0.00,0,32,0.00,0.00,0.00,0.00,0.00,0.00,0.00,0,0.00,0,0.00,0,0.00,0.00,0,0,0,0,27,0.00,3,27,11.11,27,0,0,0,0,0,0,0,0,0,0,0,0,0,1,1,0,1,1,0
"Dec 16, 2015",491,319,1.54,31.47,201,8,6,15,0,1,0.00,0,19,0.00,0.00,0.00,0.00,0.00,0.00,0.00,0,0.00,0,0.00,0,0.00,0.00,0,1,0,0,22,0.00,2,23,8.70,23,0,0,1,2,1,0,4,4,1,0,0,0,0,0,1,1,0,0,0
"Dec 17, 2015",423,255,1.66,34.42,178,7,4,11,0,0,0.00,0,21,0.00,0.00,0.00,0.00,0.00,0.00,0.00,0,0.00,0,0.00,0,0.00,0.00,0,0,0,0,21,0.00,0,22,0.00,22,0,0,1,1,0,0,0,0,1,0,1,1,0,1,1,0,1,1,0
"Dec 18, 2015",456,340,1.34,27.24,194,8,16,30,0,1,0.00,0,10,0.00,0.00,0.00,0.00,0.00,0.00,0.00,0,0.00,0,0.00,0,0.00,0.00,0,0,0,1,17,5.88,3,17,17.65,17,0,0,2,2,0,0,0,0,0,0,0,0,0,1,1,0,0,1,1
"Dec 19, 2015",249,185,1.34,27.27,135,4,0,0,0,0,0.00,0,16,0.00,0.00,0.00,0.00,0.00,0.00,0.00,0,0.00,0,0.00,0,0.00,0.00,0,0,0,0,15,0.00,3,15,20.00,15,0,0,0,0,0,1,1,0,0,0,0,0,0,1,1,0,0,0,0
"Dec 20, 2015",472,363,1.30,27.60,185,8,13,26,0,0,0.00,0,16,0.00,0.00,0.00,0.00,0.00,0.00,0.00,0,0.00,0,0.00,0,0.00,0.00,0,0,0,0,19,0.00,1,22,4.55,22,0,0,1,1,0,0,0,0,1,0,0,0,0,1,1,0,2,2,0
"Dec 21, 2015",597,272,2.19,45.11,172,10,36,152,0,0,0.00,0,13,0.00,0.00,0.00,0.00,0.00,0.00,0.00,0,0.00,0,0.00,0,0.00,0.00,0,0,0,0,25,0.00,2,25,8.00,25,0,0,0,0,0,0,0,0,0,0,0,0,0,0,0,0,0,0,0
"Dec 22, 2015",411,278,1.48,30.59,165,7,2,2,0,0,0.00,0,21,0.00,0.00,0.00,0.00,0.00,0.00,0.00,0,0.00,0,0.00,0,0.00,0.00,0,0,0,0,24,0.00,4,24,16.67,24,0,0,0,0,0,0,0,0,0,0,0,0,0,0,0,0,0,0,0
"Dec 23, 2015",312,230,1.35,27.73,163,5,1,0,0,0,0.00,0,8,0.00,0.00,0.00,0.00,0.00,0.00,0.00,0,0.00,0,0.00,0,0.00,0.00,0,1,0,0,18,0.00,2,18,11.11,18,0,0,0,0,0,0,0,0,0,0,0,0,0,-1,0,1,0,0,0
"Dec 24, 2015",206,155,1.33,24.95,105,3,0,0,0,0,0.00,0,7,0.00,0.00,0.00,0.00,0.00,0.00,0.00,0,0.00,0,0.00,0,0.00,0.00,0,0,0,0,9,0.00,0,13,0.00,13,0,0,0,0,0,1,1,0,2,0,0,0,0,0,0,0,0,0,0
"Dec 25, 2015",284,181,1.57,30.55,129,5,0,0,0,0,0.00,0,8,0.00,0.00,0.00,0.00,0.00,0.00,0.00,0,0.00,0,0.00,0,0.00,0.00,0,1,0,0,7,0.00,3,7,42.86,7,0,0,1,1,0,0,0,0,0,0,0,0,0,0,0,0,2,3,1
"Dec 26, 2015",308,202,1.52,30.01,141,5,1,5,0,0,0.00,0,5,0.00,0.00,0.00,0.00,0.00,0.00,0.00,0,0.00,0,0.00,0,0.00,0.00,0,0,0,0,23,0.00,6,28,21.43,28,0,0,0,0,0,0,0,0,0,0,0,0,0,0,0,0,0,0,0
"Dec 27, 2015",325,222,1.46,29.31,142,5,9,11,0,0,0.00,0,7,0.00,0.00,0.00,0.00,0.00,0.00,0.00,0,0.00,0,0.00,0,0.00,0.00,0,0,0,1,12,8.33,2,12,16.67,12,0,0,1,1,0,0,0,0,0,1,0,0,0,0,0,0,-1,0,1
"Dec 28, 2015",398,259,1.53,29.06,160,7,3,9,0,0,0.00,0,9,0.00,0.00,0.00,0.00,0.00,0.00,0.00,0,0.00,0,0.00,0,0.00,0.00,0,0,0,1,18,5.56,1,18,5.56,18,0,0,0,0,0,0,0,0,0,0,0,0,0,0,0,0,0,0,0
"Dec 29, 2015",451,268,1.68,34.89,174,8,4,6,5,11,45.45,7,37,18.92,0.00,0.00,0.00,0.00,0.00,0.00,0,0.00,0,0.00,0,0.00,0.00,0,1,0,0,21,0.00,3,22,13.64,22,0,0,2,2,0,0,0,0,0,2,0,0,0,1,1,0,2,2,0
"Dec 30, 2015",295,207,1.42,28.94,143,5,3,3,0,0,0.00,0,13,0.00,0.00,0.00,0.00,0.00,0.00,0.00,0,0.00,0,0.00,0,0.00,0.00,0,0,0,0,13,0.00,3,13,23.08,13,0,0,0,0,0,0,0,0,0,0,0,0,0,0,0,0,-1,0,1
"Dec 31, 2015",226,141,1.60,33.50,105,4,0,0,0,0,0.00,0,1,0.00,0.00,0.00,0.00,0.00,0.00,0.00,0,0.00,0,0.00,0,0.00,0.00,0,1,0,0,7,0.00,1,7,14.29,7,0,0,0,0,0,0,0,0,0,0,0,0,0,0,0,0,0,0,0
