date,watch_time_minutes,views,average_view_duration,average_percentage_viewed,card_clicks,cards_shown,clicks_per_card_shown,card_teaser_clicks,card_teasers_shown,clicks_per_card_teaser_shown,end_screen_elements_shown,end_screen_element_clicks,clicks_per_end_screen_element_shown,youtube_red_watch_time_minutes,youtube_red_views,youtube_red_watch_time_hours,annotation_clicks,clickable_annotations_shown,annotation_click_through_rate,annotation_closes,closable_annotations_shown,annotation_close_rate,annotations_shown,videos_published,videos_added,likes,likes_added,likes_removed,dislikes,dislikes_added,dislikes_removed,shares,comments,videos_in_playlists,videos_added_to_playlists,videos_removed_from_playlists,subscribers,subscribers_gained,subscribers_lost,watch_time_hours
2016-01-01,279,212,1.3,27.10,0,0,0.00,0,8,0.00,0,0,0.00,0,0,0,0,10,0.00,3,10,30.00,10,,,0,0,0,0,0,0,0,0,0,0,0,0,0,0,5
2016-01-02,370,272,1.4,28.21,0,0,0.00,0,11,0.00,0,0,0.00,0,0,0,0,14,0.00,3,16,18.75,16,,,0,0,0,0,0,0,0,0,0,0,0,0,0,0,6
2016-01-03,296,218,1.4,27.28,0,0,0.00,0,15,0.00,0,0,0.00,0,0,0,0,19,0.00,1,19,5.26,19,,,0,0,0,1,1,0,0,0,0,0,0,0,0,0,5
2016-01-04,529,284,1.9,41.17,0,0,0.00,0,18,0.00,0,0,0.00,0,0,0,0,27,0.00,1,28,3.57,28,,,1,1,0,0,0,0,0,1,0,0,0,-2,0,2,9
2016-01-05,356,238,1.5,30.21,0,0,0.00,0,19,0.00,0,0,0.00,0,0,0,0,11,0.00,3,17,17.65,17,,,2,2,0,1,1,0,0,0,0,0,0,2,2,0,6
2016-01-06,481,290,1.7,35.30,0,0,0.00,0,21,0.00,0,0,0.00,0,0,0,1,17,5.88,3,19,15.79,19,,,1,1,0,0,0,0,0,0,1,1,0,1,1,0,8
2016-01-07,478,304,1.6,34.52,0,0,0.00,0,18,0.00,0,0,0.00,0,0,0,1,11,9.09,2,14,14.29,14,,,0,0,0,0,0,0,0,0,0,0,0,1,1,0,8
2016-01-08,338,235,1.4,31.18,1,4,25.00,2,20,10.00,0,0,0.00,0,1,0,2,29,6.90,0,29,0.00,29,,,0,0,0,0,0,0,0,0,0,0,0,1,1,0,6
2016-01-09,330,228,1.4,29.87,0,2,0.00,1,16,6.25,0,0,0.00,0,1,0,1,18,5.56,3,18,16.67,18,,,1,1,0,0,0,0,0,1,2,2,0,2,2,0,5
2016-01-10,370,253,1.5,30.27,0,0,0.00,0,9,0.00,0,0,0.00,0,0,0,0,8,0.00,0,10,0.00,10,,,3,3,0,0,0,0,0,0,0,0,0,-1,0,1,6
2016-01-11,377,284,1.3,27.06,0,0,0.00,0,10,0.00,0,0,0.00,0,2,0,0,17,0.00,0,17,0.00,17,,,1,1,0,0,0,0,0,0,0,0,0,1,2,1,6
2016-01-12,687,495,1.4,23.77,0,0,0.00,0,26,0.00,0,0,0.00,9,4,0,1,20,5.00,1,21,4.76,21,1,1,6,6,0,0,0,0,0,1,11,12,1,1,1,0,11
2016-01-13,478,339,1.4,24.51,0,0,0.00,0,12,0.00,0,0,0.00,0,0,0,0,9,0.00,1,10,10.00,10,,,1,1,0,0,0,0,0,0,-1,0,1,1,1,0,8
2016-01-14,717,362,2.0,32.98,0,0,0.00,0,20,0.00,0,0,0.00,0,0,0,4,15,26.67,1,15,6.67,15,,,1,1,0,0,0,0,0,0,-1,0,1,0,0,0,12
2016-01-15,617,327,1.9,35.02,0,0,0.00,0,19,0.00,0,0,0.00,3,2,0,3,54,5.56,4,55,7.27,55,,,4,4,0,0,0,0,0,0,-1,0,1,0,0,0,10
2016-01-16,343,252,1.4,27.82,0,0,0.00,0,14,0.00,0,0,0.00,0,1,0,0,22,0.00,3,22,13.64,22,,,1,1,0,1,1,0,0,0,0,0,0,0,0,0,6
2016-01-17,467,302,1.5,30.31,0,0,0.00,0,14,0.00,0,0,0.00,0,0,0,0,27,0.00,1,27,3.70,27,,,0,0,0,0,1,1,3,0,1,2,1,0,0,0,8
2016-01-18,327,228,1.4,29.52,0,0,0.00,0,22,0.00,0,0,0.00,0,0,0,0,12,0.00,1,12,8.33,12,,,0,0,0,2,2,0,0,0,0,1,1,0,0,0,5
2016-01-19,396,266,1.5,28.29,0,0,0.00,0,19,0.00,0,0,0.00,0,0,0,0,17,0.00,1,17,5.88,17,,,0,0,0,0,0,0,0,0,1,1,0,0,0,0,7
2016-01-20,511,304,1.7,34.18,0,0,0.00,0,16,0.00,0,0,0.00,1,1,0,0,12,0.00,1,12,8.33,12,,,3,3,0,0,0,0,0,0,1,1,0,1,1,0,9
2016-01-21,495,257,1.9,36.61,1,1,100.00,1,48,2.08,0,0,0.00,0,1,0,1,32,3.12,1,33,3.03,33,,,1,1,0,0,0,0,0,0,1,1,0,0,1,1,8
2016-01-22,303,201,1.5,29.38,0,0,0.00,0,11,0.00,0,0,0.00,2,1,0,0,8,0.00,1,8,12.50,8,,,2,2,0,0,0,0,0,0,0,0,0,1,1,0,5
2016-01-23,277,237,1.2,23.25,0,0,0.00,0,10,0.00,0,0,0.00,0,1,0,0,18,0.00,2,18,11.11,18,,,0,0,0,0,0,0,0,0,0,0,0,-1,0,1,5
2016-01-24,542,397,1.4,25.63,0,0,0.00,0,16,0.00,0,0,0.00,0,0,0,1,14,7.14,0,14,0.00,14,1,1,3,3,0,0,0,0,0,0,8,9,1,0,0,0,9
2016-01-25,536,338,1.6,29.22,0,0,0.00,0,13,0.00,0,0,0.00,1,2,0,1,18,5.56,1,19,5.26,19,,,0,0,0,0,0,0,1,0,0,1,1,2,2,0,9
2016-01-26,433,323,1.3,26.54,0,0,0.00,0,14,0.00,0,0,0.00,0,1,0,0,22,0.00,2,23,8.70,23,,,1,1,0,2,2,0,0,1,0,0,0,1,1,0,7
2016-01-27,405,323,1.3,24.36,0,1,0.00,0,12,0.00,0,0,0.00,1,2,0,0,9,0.00,0,11,0.00,11,,,1,1,0,0,0,0,0,1,-1,1,2,1,1,0,7
2016-01-28,415,302,1.4,27.04,0,0,0.00,0,14,0.00,0,0,0.00,0,0,0,0,9,0.00,0,10,0.00,10,,,2,2,0,0,0,0,1,0,2,2,0,0,0,0,7
2016-01-29,413,282,1.5,28.96,7,17,41.18,10,32,31.25,0,0,0.00,0,1,0,0,17,0.00,3,18,16.67,18,,,0,0,0,1,1,0,0,0,0,0,0,0,0,0,7
2016-01-30,335,267,1.3,24.31,0,0,0.00,0,18,0.00,0,0,0.00,0,0,0,0,9,0.00,0,9,0.00,9,,,1,1,0,1,1,0,0,0,1,1,0,1,1,0,6
2016-01-31,482,315,1.5,29.63,0,0,0.00,0,19,0.00,0,0,0.00,1,3,0,0,13,0.00,3,13,23.08,13,,,0,0,0,0,0,0,0,0,1,1,0,0,0,0,8
2016-02-01,441,324,1.4,26.58,0,0,0.00,0,17,0.00,0,0,0.00,5,2,0,0,15,0.00,0,20,0.00,20,,,0,0,0,0,0,0,0,1,0,1,1,-1,0,1,7
2016-02-02,384,328,1.2,23.27,0,0,0.00,0,24,0.00,0,0,0.00,6,3,0,0,27,0.00,1,27,3.70,27,,,0,0,0,0,0,0,0,0,-1,0,1,0,0,0,6
2016-02-03,478,288,1.7,32.79,0,0,0.00,0,9,0.00,0,0,0.00,0,1,0,2,18,11.11,3,18,16.67,18,,,0,0,0,0,0,0,0,1,-1,0,1,1,1,0,8
2016-02-04,322,245,1.3,25.10,0,0,0.00,0,11,0.00,0,0,0.00,0,0,0,2,20,10.00,1,20,5.00,20,,,0,0,0,0,0,0,0,1,0,0,0,0,0,0,5
2016-02-05,477,327,1.5,27.16,0,0,0.00,0,18,0.00,0,0,0.00,0,0,0,0,20,0.00,2,20,10.00,20,1,1,1,3,2,2,2,0,0,1,3,4,1,0,1,1,8
2016-02-06,506,350,1.4,27.41,0,0,0.00,0,7,0.00,0,0,0.00,0,0,0,0,6,0.00,1,6,16.67,6,,,1,1,0,1,1,0,1,0,82,82,0,2,2,0,8
2016-02-07,511,356,1.4,28.18,0,0,0.00,0,16,0.00,0,0,0.00,0,0,0,0,13,0.00,0,14,0.00,14,,,2,2,0,0,0,0,0,0,-41,0,41,2,2,0,9
2016-02-08,362,286,1.3,25.16,0,0,0.00,0,18,0.00,0,0,0.00,0,1,0,0,15,0.00,0,15,0.00,15,,,2,2,0,0,0,0,0,0,1,1,0,1,1,0,6
2016-02-09,573,420,1.4,28.35,0,0,0.00,0,15,0.00,0,0,0.00,1,1,0,1,15,6.67,1,15,6.67,15,,,0,0,0,0,0,0,0,1,1,1,0,0,0,0,10
2016-02-10,405,280,1.4,29.95,0,0,0.00,0,19,0.00,0,0,0.00,0,1,0,0,10,0.00,1,10,10.00,10,0,0,0,0,0,1,1,0,0,0,-1,0,1,1,1,0,7
2016-02-11,453,298,1.5,30.35,0,0,0.00,0,26,0.00,0,0,0.00,0,0,0,2,23,8.70,2,23,8.70,23,0,13,0,0,0,2,3,1,0,0,0,0,0,0,0,0,8
2016-02-12,398,301,1.3,27.06,0,0,0.00,0,8,0.00,0,0,0.00,0,1,0,1,13,7.69,1,14,7.14,14,1,1,3,3,0,0,0,0,2,1,5,6,1,-1,0,1,7
2016-02-13,576,389,1.5,29.32,0,0,0.00,0,9,0.00,0,0,0.00,0,1,0,0,18,0.00,5,18,27.78,18,1,1,4,4,0,0,0,0,0,1,4,5,1,0,1,1,10
2016-02-14,515,356,1.4,29.35,0,0,0.00,0,24,0.00,0,0,0.00,0,0,0,0,22,0.00,8,22,36.36,22,,,0,0,0,0,0,0,1,0,0,0,0,-1,0,1,9
2016-02-15,464,295,1.6,32.68,0,0,0.00,0,17,0.00,0,0,0.00,6,4,0,0,7,0.00,0,9,0.00,9,,,1,1,0,0,0,0,0,1,-1,0,1,1,1,0,8
2016-02-16,528,337,1.6,32.52,0,0,0.00,0,14,0.00,0,0,0.00,0,0,0,1,10,10.00,2,10,20.00,10,,,1,1,0,0,0,0,0,0,0,0,0,0,0,0,9
2016-02-17,439,305,1.4,28.09,0,0,0.00,0,16,0.00,0,0,0.00,1,1,0,0,16,0.00,2,16,12.50,16,,,3,3,0,0,0,0,0,0,1,1,0,0,1,1,7
2016-02-18,358,281,1.3,25.30,0,0,0.00,0,13,0.00,0,0,0.00,2,2,0,0,22,0.00,2,22,9.09,22,,,1,1,0,0,0,0,0,0,0,0,0,-1,0,1,6
2016-02-19,442,309,1.4,26.53,0,0,0.00,0,27,0.00,0,0,0.00,14,9,0,0,15,0.00,1,20,5.00,20,,,0,0,0,0,0,0,0,0,0,0,0,0,1,1,7
2016-02-20,491,320,1.5,28.42,0,0,0.00,0,20,0.00,0,0,0.00,2,2,0,0,12,0.00,2,17,11.76,17,,,1,1,0,0,0,0,0,0,0,0,0,1,1,0,8
2016-02-21,503,317,1.6,30.47,0,0,0.00,0,21,0.00,0,0,0.00,1,1,0,0,11,0.00,1,11,9.09,11,,,1,1,0,0,0,0,0,0,0,1,1,1,1,0,8
2016-02-22,423,301,1.4,27.68,0,0,0.00,0,16,0.00,0,0,0.00,0,1,0,0,16,0.00,0,16,0.00,16,,,0,0,0,1,1,0,1,1,0,0,0,0,0,0,7
2016-02-23,614,355,1.7,33.16,0,0,0.00,0,21,0.00,0,0,0.00,1,1,0,1,21,4.76,2,21,9.52,21,,,1,1,0,0,0,0,1,0,1,8,7,1,1,0,10
2016-02-24,504,324,1.6,29.41,0,0,0.00,0,18,0.00,0,0,0.00,0,1,0,0,36,0.00,3,37,8.11,37,,,2,2,0,1,1,0,0,0,0,0,0,1,1,0,8
2016-02-25,474,320,1.5,30.17,0,0,0.00,0,16,0.00,0,0,0.00,1,2,0,0,27,0.00,0,27,0.00,27,,,0,0,0,0,0,0,0,0,0,0,0,0,0,0,8
2016-02-26,398,311,1.3,24.52,0,0,0.00,0,14,0.00,0,0,0.00,7,2,0,0,9,0.00,1,9,11.11,9,,,2,2,0,0,0,0,1,2,0,2,2,0,0,0,7
2016-02-27,360,257,1.4,27.06,0,0,0.00,0,15,0.00,0,0,0.00,0,2,0,0,16,0.00,1,16,6.25,16,,,2,2,0,0,0,0,0,0,1,1,0,1,1,0,6
2016-02-28,373,294,1.3,26.41,0,0,0.00,0,14,0.00,0,0,0.00,8,1,0,1,23,4.35,1,23,4.35,23,,,0,0,0,0,0,0,0,0,-1,0,1,0,0,0,6
2016-02-29,475,282,1.7,32.80,0,0,0.00,0,11,0.00,0,0,0.00,0,1,0,0,15,0.00,1,15,6.67,15,,,0,0,0,0,0,0,0,0,-1,0,1,0,0,0,8
2016-03-01,802,371,2.2,44.06,0,0,0.00,0,55,0.00,0,0,0.00,2,1,0,3,72,4.17,3,76,3.95,76,,,0,0,0,0,0,0,0,0,2,2,0,0,0,0,13
2016-03-02,411,295,1.4,27.34,0,0,0.00,0,23,0.00,0,0,0.00,1,2,0,1,16,6.25,2,16,12.50,16,,,0,0,0,0,0,0,0,0,0,0,0,1,2,1,7
2016-03-03,465,302,1.5,31.96,0,0,0.00,0,20,0.00,0,0,0.00,0,1,0,0,24,0.00,3,24,12.50,24,,,1,1,0,0,0,0,0,0,0,0,0,1,1,0,8
2016-03-04,323,225,1.4,28.25,0,0,0.00,0,12,0.00,0,0,0.00,0,0,0,0,15,0.00,0,15,0.00,15,,,0,0,0,0,0,0,0,0,-1,0,1,0,1,1,5
2016-03-05,563,301,1.9,37.14,0,0,0.00,0,6,0.00,0,0,0.00,1,2,0,0,16,0.00,3,16,18.75,16,,,0,0,0,0,0,0,0,0,0,0,0,1,1,0,9
2016-03-06,625,345,1.8,38.37,0,0,0.00,0,19,0.00,0,0,0.00,0,0,0,0,21,0.00,1,21,4.76,21,,,0,0,0,0,0,0,0,0,0,0,0,0,0,0,10
2016-03-07,393,253,1.6,31.46,0,0,0.00,0,22,0.00,0,0,0.00,0,1,0,0,20,0.00,1,20,5.00,20,,,0,0,0,0,0,0,0,0,0,0,0,1,1,0,7
2016-03-08,611,332,1.8,38.22,1,2,50.00,1,18,5.56,0,0,0.00,4,2,0,0,8,0.00,2,8,25.00,8,,,0,0,0,0,0,0,0,0,0,0,0,0,0,0,10
2016-03-09,370,307,1.2,24.25,0,0,0.00,0,31,0.00,0,0,0.00,1,1,0,0,15,0.00,2,16,12.50,16,,,0,0,0,0,0,0,0,3,0,0,0,-1,0,1,6
2016-03-10,361,303,1.2,24.23,0,2,0.00,1,14,7.14,0,0,0.00,3,1,0,0,15,0.00,1,16,6.25,16,,,0,0,0,0,0,0,1,0,0,0,0,0,1,1,6
2016-03-11,408,239,1.7,33.71,0,0,0.00,0,15,0.00,0,0,0.00,0,0,0,1,13,7.69,3,15,20.00,15,,,0,0,0,0,0,0,0,0,0,0,0,1,1,0,7
2016-03-12,841,353,2.4,50.57,0,0,0.00,0,11,0.00,0,0,0.00,2,4,0,0,7,0.00,0,7,0.00,7,,,1,1,0,0,0,0,0,0,1,1,0,1,1,0,14
2016-03-13,421,294,1.4,30.61,0,2,0.00,1,19,5.26,0,0,0.00,0,0,0,0,11,0.00,2,12,16.67,12,,,1,1,0,0,0,0,0,0,2,2,0,0,0,0,7
2016-03-14,375,289,1.3,26.17,0,0,0.00,0,14,0.00,0,0,0.00,0,0,0,0,3,0.00,1,3,33.33,3,,,1,2,1,0,1,1,1,0,0,0,0,0,0,0,6
2016-03-15,442,300,1.5,28.81,0,0,0.00,0,23,0.00,0,0,0.00,0,0,0,0,15,0.00,1,15,6.67,15,,,3,4,1,0,0,0,0,0,0,0,0,0,0,0,7
2016-03-16,341,299,1.1,22.74,0,0,0.00,0,10,0.00,0,0,0.00,0,0,0,1,11,9.09,4,11,36.36,11,,,0,0,0,0,0,0,0,1,0,2,2,-1,0,1,6
2016-03-17,248,226,1.1,21.23,0,0,0.00,0,4,0.00,0,0,0.00,3,1,0,0,11,0.00,1,11,9.09,11,,,1,1,0,1,1,0,0,0,-1,0,1,0,0,0,4
2016-03-18,372,261,1.4,27.29,2,2,100.00,1,11,9.09,0,0,0.00,0,0,0,0,14,0.00,1,14,7.14,14,,,1,1,0,0,0,0,0,1,0,0,0,0,1,1,6
2016-03-19,310,214,1.4,27.65,0,0,0.00,0,15,0.00,0,0,0.00,0,0,0,0,11,0.00,2,11,18.18,11,,,1,1,0,0,0,0,0,0,0,1,1,0,1,1,5
2016-03-20,360,286,1.3,25.16,0,0,0.00,0,22,0.00,0,0,0.00,2,1,0,4,24,16.67,2,25,8.00,25,,,1,1,0,0,0,0,0,1,0,1,1,2,2,0,6
2016-03-21,428,291,1.5,29.87,0,0,0.00,0,30,0.00,0,0,0.00,0,0,0,0,19,0.00,5,19,26.32,19,,,1,1,0,0,0,0,0,0,0,0,0,0,0,0,7
2016-03-22,342,245,1.4,26.83,0,0,0.00,0,12,0.00,0,0,0.00,0,0,0,0,20,0.00,1,20,5.00,20,,,1,1,0,1,1,0,1,0,0,0,0,1,1,0,6
2016-03-23,361,259,1.4,27.61,0,0,0.00,0,19,0.00,0,0,0.00,0,0,0,0,20,0.00,5,20,25.00,20,,,2,2,0,0,0,0,0,0,1,1,0,1,1,0,6
2016-03-24,326,252,1.3,25.00,0,0,0.00,0,14,0.00,0,0,0.00,1,1,0,0,14,0.00,0,16,0.00,16,,,0,0,0,0,0,0,0,0,1,1,0,-1,0,1,5
2016-03-25,315,226,1.4,27.17,0,0,0.00,0,12,0.00,0,0,0.00,6,2,0,0,12,0.00,1,12,8.33,12,,,1,1,0,0,0,0,0,0,3,3,0,1,1,0,5
2016-03-26,291,213,1.4,25.66,0,0,0.00,0,5,0.00,0,0,0.00,0,1,0,1,7,14.29,2,7,28.57,7,,,1,1,0,0,0,0,2,0,-2,0,2,1,1,0,5
2016-03-27,272,210,1.3,26.74,0,0,0.00,0,14,0.00,0,0,0.00,0,0,0,0,8,0.00,1,8,12.50,8,,,0,0,0,0,0,0,0,0,1,1,0,1,2,1,5
2016-03-28,406,273,1.5,28.22,0,0,0.00,0,13,0.00,0,0,0.00,0,0,0,1,12,8.33,1,12,8.33,12,,,1,1,0,0,0,0,0,0,0,0,0,2,2,0,7
2016-03-29,361,267,1.4,25.67,0,0,0.00,0,18,0.00,0,0,0.00,0,1,0,0,16,0.00,3,16,18.75,16,,,1,1,0,1,1,0,0,0,0,0,0,1,1,0,6
2016-03-30,466,333,1.4,27.15,0,0,0.00,0,13,0.00,0,0,0.00,0,0,0,0,14,0.00,4,14,28.57,14,,,1,2,1,0,0,0,1,0,0,0,0,1,1,0,8
2016-03-31,420,313,1.3,25.59,0,0,0.00,0,12,0.00,0,0,0.00,3,3,0,0,14,0.00,0,14,0.00,14,,,1,1,0,0,0,0,1,0,0,0,0,0,0,0,7
2016-04-01,410,317,1.3,27.53,0,0,0.00,0,25,0.00,0,0,0.00,3,4,0,0,28,0.00,5,28,17.86,28,,,0,0,0,1,1,0,0,0,0,0,0,0,0,0,7
2016-04-02,298,220,1.4,27.75,0,0,0.00,0,10,0.00,0,0,0.00,0,0,0,0,8,0.00,0,9,0.00,9,,,0,0,0,1,1,0,0,0,0,0,0,0,0,0,5
2016-04-03,291,240,1.2,23.96,0,0,0.00,0,17,0.00,0,0,0.00,0,1,0,0,12,0.00,0,13,0.00,13,,,1,1,0,0,0,0,0,0,0,0,0,2,2,0,5
2016-04-04,388,281,1.4,27.61,0,0,0.00,0,22,0.00,0,0,0.00,2,1,0,0,12,0.00,0,13,0.00,13,,,0,0,0,1,1,0,0,0,2,2,0,0,0,0,6
2016-04-05,405,292,1.4,28.57,0,0,0.00,0,9,0.00,0,0,0.00,0,0,0,0,15,0.00,3,15,20.00,15,,,1,1,0,1,1,0,0,0,0,0,0,-2,0,2,7
2016-04-06,465,271,1.7,32.78,0,0,0.00,0,12,0.00,0,0,0.00,0,0,0,0,7,0.00,0,7,0.00,7,,,2,2,0,1,1,0,0,0,0,0,0,0,1,1,8
2016-04-07,390,246,1.6,29.94,0,0,0.00,0,27,0.00,0,0,0.00,0,0,0,0,13,0.00,1,14,7.14,14,,,1,1,0,0,0,0,0,0,3,3,0,-1,1,2,6
2016-04-08,428,263,1.6,32.00,0,2,0.00,1,14,7.14,0,0,0.00,1,3,0,0,15,0.00,0,15,0.00,15,,,2,3,1,2,2,0,0,0,-1,0,1,-1,1,2,7
2016-04-09,263,216,1.2,22.87,0,0,0.00,0,10,0.00,0,0,0.00,2,1,0,0,11,0.00,1,11,9.09,11,,,0,0,0,0,0,0,4,0,0,0,0,1,1,0,4
2016-04-10,307,224,1.4,27.39,0,0,0.00,0,13,0.00,0,0,0.00,3,2,0,0,17,0.00,2,17,11.76,17,,,0,0,0,0,0,0,1,0,0,0,0,-1,0,1,5
2016-04-11,308,245,1.3,24.98,0,0,0.00,0,27,0.00,0,0,0.00,0,0,0,0,16,0.00,1,17,5.88,17,,,1,1,0,0,0,0,1,0,-1,0,1,0,0,0,5
2016-04-12,372,300,1.2,24.83,0,0,0.00,0,16,0.00,0,0,0.00,0,0,0,0,14,0.00,0,14,0.00,14,,,1,1,0,0,0,0,0,0,0,0,0,0,0,0,6
2016-04-13,312,233,1.3,24.73,0,0,0.00,0,18,0.00,0,0,0.00,0,2,0,0,15,0.00,1,15,6.67,15,,,1,1,0,1,1,0,0,0,0,0,0,0,1,1,5
2016-04-14,379,250,1.5,31.09,0,0,0.00,0,10,0.00,0,0,0.00,0,1,0,0,9,0.00,1,9,11.11,9,,,0,0,0,0,0,0,0,0,0,0,0,0,0,0,6
2016-04-15,302,227,1.3,26.98,0,0,0.00,0,16,0.00,0,0,0.00,1,1,0,0,22,0.00,1,22,4.55,22,,,1,1,0,0,0,0,0,0,0,0,0,0,0,0,5
2016-04-16,389,251,1.6,28.48,0,0,0.00,0,25,0.00,0,0,0.00,0,0,0,0,16,0.00,3,16,18.75,16,,,1,1,0,0,0,0,0,0,-3,1,4,0,0,0,6
2016-04-17,834,357,2.3,46.37,0,0,0.00,0,23,0.00,0,0,0.00,0,0,0,0,17,0.00,0,18,0.00,18,,,0,0,0,0,0,0,0,0,0,0,0,0,0,0,14
2016-04-18,353,259,1.4,25.01,0,0,0.00,0,9,0.00,0,0,0.00,1,1,0,1,17,5.88,4,17,23.53,17,,,0,0,0,0,0,0,0,0,2,2,0,0,0,0,6
2016-04-19,432,246,1.8,33.59,0,0,0.00,0,29,0.00,0,0,0.00,5,1,0,0,17,0.00,1,20,5.00,20,,,2,2,0,0,0,0,0,0,0,0,0,0,0,0,7
2016-04-20,423,282,1.5,31.00,1,2,50.00,1,31,3.23,0,0,0.00,0,0,0,2,16,12.50,3,17,17.65,17,,,0,0,0,0,0,0,0,0,0,0,0,1,1,0,7
2016-04-21,330,239,1.4,26.36,0,0,0.00,0,18,0.00,0,0,0.00,0,0,0,0,7,0.00,1,7,14.29,7,,,0,0,0,0,0,0,0,0,0,0,0,1,1,0,5
2016-04-22,321,229,1.4,26.43,0,0,0.00,0,10,0.00,0,0,0.00,0,1,0,0,6,0.00,0,6,0.00,6,,,1,1,0,0,0,0,0,0,0,0,0,0,0,0,5
2016-04-23,289,244,1.2,22.15,0,0,0.00,0,17,0.00,0,0,0.00,0,0,0,1,11,9.09,0,11,0.00,11,,,0,0,0,0,0,0,0,0,1,1,0,1,1,0,5
2016-04-24,393,298,1.3,26.47,0,0,0.00,0,14,0.00,0,0,0.00,0,1,0,0,11,0.00,2,11,18.18,11,,,0,0,0,0,0,0,0,0,1,1,0,0,0,0,7
2016-04-25,395,258,1.5,30.58,0,0,0.00,0,21,0.00,0,0,0.00,0,0,0,0,13,0.00,0,13,0.00,13,,,0,0,0,0,0,0,0,0,1,1,0,-1,0,1,7
2016-04-26,462,301,1.5,27.50,0,0,0.00,0,18,0.00,0,0,0.00,3,2,0,1,17,5.88,2,17,11.76,17,,,1,1,0,2,2,0,0,0,0,0,0,0,0,0,8
2016-04-27,474,321,1.5,28.35,0,0,0.00,0,37,0.00,0,0,0.00,0,2,0,0,24,0.00,1,26,3.85,26,,,1,1,0,0,0,0,0,0,-1,0,1,0,0,0,8
2016-04-28,442,295,1.5,28.43,0,0,0.00,0,21,0.00,0,0,0.00,0,1,0,0,18,0.00,4,18,22.22,18,,,0,0,0,1,1,0,0,0,0,0,0,1,1,0,7
2016-04-29,349,254,1.4,26.38,0,0,0.00,0,9,0.00,0,0,0.00,0,0,0,0,17,0.00,4,17,23.53,17,,,1,1,0,1,1,0,0,0,0,0,0,0,0,0,6
2016-04-30,299,241,1.2,24.98,0,2,0.00,1,9,11.11,0,0,0.00,4,1,0,0,11,0.00,2,11,18.18,11,,,0,0,0,1,1,0,0,0,0,0,0,0,1,1,5
2016-05-01,366,251,1.5,28.24,0,0,0.00,0,16,0.00,0,0,0.00,0,0,0,0,5,0.00,0,5,0.00,5,,,0,0,0,0,0,0,0,0,1,1,0,-1,0,1,6
2016-05-02,362,241,1.5,29.24,0,0,0.00,0,6,0.00,0,0,0.00,0,1,0,0,6,0.00,0,6,0.00,6,,,1,1,0,0,0,0,2,0,0,0,0,0,0,0,6
2016-05-03,348,262,1.3,26.99,0,0,0.00,0,22,0.00,0,0,0.00,0,0,0,0,18,0.00,2,18,11.11,18,,,0,0,0,0,0,0,0,0,-3,0,3,0,0,0,6
2016-05-04,319,241,1.3,25.54,0,0,0.00,0,26,0.00,0,0,0.00,0,0,0,0,16,0.00,0,16,0.00,16,,,1,1,0,0,0,0,0,0,0,0,0,1,1,0,5
2016-05-05,367,244,1.5,28.53,0,0,0.00,0,12,0.00,0,0,0.00,1,3,0,0,10,0.00,2,10,20.00,10,,,0,0,0,0,0,0,0,0,0,0,0,0,0,0,6
2016-05-06,348,251,1.4,28.17,0,2,0.00,1,16,6.25,0,0,0.00,1,1,0,0,14,0.00,0,14,0.00,14,,,0,0,0,0,0,0,0,0,0,0,0,0,0,0,6
2016-05-07,373,268,1.4,28.84,0,0,0.00,0,16,0.00,0,0,0.00,0,0,0,0,13,0.00,0,14,0.00,14,,,0,0,0,0,0,0,0,0,-1,0,1,0,0,0,6
2016-05-08,270,208,1.3,25.56,0,0,0.00,0,6,0.00,0,0,0.00,0,0,0,0,5,0.00,0,5,0.00,5,,,1,1,0,0,0,0,0,0,-1,0,1,0,0,0,5
2016-05-09,297,239,1.2,23.43,0,0,0.00,0,20,0.00,0,0,0.00,3,1,0,0,17,0.00,1,18,5.56,18,,,0,0,0,0,0,0,0,0,0,0,0,0,0,0,5
2016-05-10,307,280,1.1,22.24,0,0,0.00,0,11,0.00,0,0,0.00,0,0,0,0,16,0.00,1,16,6.25,16,,,0,0,0,0,0,0,0,0,0,0,0,0,0,0,5
2016-05-11,422,285,1.5,30.34,0,0,0.00,0,15,0.00,0,0,0.00,0,0,0,3,22,13.64,3,22,13.64,22,,,1,1,0,0,0,0,1,0,1,1,0,1,1,0,7
2016-05-12,292,226,1.3,26.22,0,2,0.00,1,28,3.57,0,0,0.00,0,0,0,1,8,12.50,1,9,11.11,9,,,4,4,0,0,0,0,0,1,0,0,0,0,0,0,5
2016-05-13,288,203,1.4,27.23,0,0,0.00,0,12,0.00,0,0,0.00,0,0,0,0,12,0.00,2,12,16.67,12,,,0,0,0,0,0,0,1,0,0,0,0,-1,0,1,5
2016-05-14,311,205,1.5,27.82,0,0,0.00,0,7,0.00,0,0,0.00,5,2,0,1,9,11.11,0,9,0.00,9,,,0,0,0,1,1,0,0,0,0,0,0,-1,0,1,5
2016-05-15,303,257,1.2,23.20,0,0,0.00,0,3,0.00,0,0,0.00,0,0,0,0,11,0.00,0,11,0.00,11,,,0,0,0,0,0,0,0,0,0,0,0,-1,0,1,5
2016-05-16,475,297,1.6,31.36,0,0,0.00,0,29,0.00,0,0,0.00,0,0,0,0,19,0.00,1,20,5.00,20,,,0,0,0,0,0,0,0,0,0,0,0,1,2,1,8
2016-05-17,364,264,1.4,25.96,0,0,0.00,0,19,0.00,0,0,0.00,0,0,0,0,27,0.00,3,27,11.11,27,,,0,0,0,0,0,0,0,0,0,0,0,0,1,1,6
2016-05-18,314,270,1.2,22.90,0,0,0.00,0,11,0.00,0,0,0.00,0,0,0,0,16,0.00,0,16,0.00,16,,,0,0,0,0,0,0,0,1,0,0,0,1,1,0,5
2016-05-19,389,248,1.6,29.11,0,2,0.00,1,7,14.29,0,0,0.00,0,0,0,0,15,0.00,2,15,13.33,15,,,0,0,0,0,0,0,1,0,0,1,1,0,0,0,6
2016-05-20,318,231,1.4,25.47,0,0,0.00,0,5,0.00,0,0,0.00,0,0,0,0,1,0.00,0,1,0.00,1,,,0,0,0,0,0,0,0,0,0,0,0,0,0,0,5
2016-05-21,329,258,1.3,25.35,0,0,0.00,0,12,0.00,0,0,0.00,0,0,0,0,16,0.00,6,16,37.50,16,,,0,0,0,0,0,0,0,0,0,0,0,-1,0,1,5
2016-05-22,311,228,1.4,27.10,0,0,0.00,0,16,0.00,0,0,0.00,1,1,0,0,8,0.00,1,10,10.00,10,,,0,0,0,0,0,0,0,0,0,0,0,1,1,0,5
2016-05-23,419,283,1.5,30.41,0,0,0.00,0,10,0.00,0,0,0.00,2,1,0,0,10,0.00,1,11,9.09,11,,,0,0,0,0,0,0,0,0,2,2,0,1,1,0,7
2016-05-24,436,348,1.3,24.25,0,0,0.00,0,43,0.00,0,0,0.00,0,1,0,0,19,0.00,2,21,9.52,21,,,2,2,0,0,0,0,0,0,0,0,0,0,1,1,7
2016-05-25,283,245,1.2,22.32,0,0,0.00,0,20,0.00,0,0,0.00,0,0,0,0,15,0.00,4,15,26.67,15,,,0,0,0,1,1,0,0,0,0,0,0,0,1,1,5
2016-05-26,268,203,1.3,25.61,0,1,0.00,4,16,25.00,0,0,0.00,0,0,0,0,12,0.00,2,13,15.38,13,,,1,1,0,0,0,0,0,0,-1,0,1,0,0,0,4
2016-05-27,315,214,1.5,31.36,0,0,0.00,0,18,0.00,0,0,0.00,0,0,0,0,25,0.00,1,26,3.85,26,,,2,2,0,0,0,0,0,0,0,1,1,0,0,0,5
2016-05-28,253,195,1.3,25.08,0,0,0.00,0,3,0.00,0,0,0.00,0,1,0,1,14,7.14,0,14,0.00,14,,,0,0,0,0,0,0,0,0,1,1,0,0,0,0,4
2016-05-29,398,261,1.5,29.15,0,0,0.00,0,10,0.00,0,0,0.00,0,0,0,0,23,0.00,3,23,13.04,23,,,2,2,0,0,0,0,0,0,0,0,0,0,0,0,7
2016-05-30,329,242,1.4,26.44,0,0,0.00,0,18,0.00,0,0,0.00,1,2,0,0,10,0.00,3,11,27.27,11,,,0,0,0,0,0,0,0,0,1,1,0,0,0,0,5
2016-05-31,430,272,1.6,31.23,0,0,0.00,0,24,0.00,0,0,0.00,1,1,0,0,11,0.00,1,11,9.09,11,,,1,1,0,0,0,0,0,0,1,1,0,1,1,0,7
2016-06-01,383,269,1.4,28.54,0,2,0.00,1,17,5.88,0,0,0.00,0,0,0,0,11,0.00,0,11,0.00,11,,,1,1,0,0,0,0,1,2,0,0,0,0,0,0,6
2016-06-02,452,300,1.5,28.83,0,0,0.00,0,21,0.00,0,0,0.00,0,0,0,0,65,0.00,0,65,0.00,65,,,1,1,0,0,0,0,0,0,0,0,0,0,0,0,8
2016-06-03,319,216,1.5,28.31,0,0,0.00,0,10,0.00,0,0,0.00,0,0,0,0,5,0.00,0,5,0.00,5,,,1,1,0,0,0,0,0,0,0,0,0,0,0,0,5
2016-06-04,235,195,1.2,22.42,0,0,0.00,0,6,0.00,0,0,0.00,0,0,0,0,8,0.00,0,8,0.00,8,,,2,2,0,0,0,0,0,1,0,0,0,-1,0,1,4
2016-06-05,467,300,1.6,29.08,1,2,50.00,1,21,4.76,0,0,0.00,2,5,0,0,20,0.00,1,20,5.00,20,,,3,3,0,0,0,0,0,0,0,0,0,0,0,0,8
2016-06-06,340,238,1.4,27.85,0,0,0.00,0,14,0.00,0,0,0.00,0,0,0,0,22,0.00,0,24,0.00,24,,,5,5,0,0,0,0,0,0,1,3,2,0,0,0,6
2016-06-07,459,278,1.7,32.53,0,0,0.00,0,16,0.00,0,0,0.00,0,2,0,0,5,0.00,0,5,0.00,5,,,2,2,0,1,1,0,0,0,0,0,0,0,0,0,8
2016-06-08,348,244,1.4,29.08,0,0,0.00,0,31,0.00,0,0,0.00,0,0,0,0,27,0.00,1,29,3.45,29,,,0,0,0,0,0,0,0,0,0,0,0,0,0,0,6
2016-06-09,348,245,1.4,29.34,0,0,0.00,0,15,0.00,0,0,0.00,0,2,0,0,9,0.00,1,9,11.11,9,,,1,1,0,0,0,0,1,0,1,1,0,1,2,1,6
2016-06-10,295,194,1.5,29.41,0,0,0.00,0,21,0.00,0,0,0.00,0,0,0,0,15,0.00,2,15,13.33,15,,,0,0,0,0,0,0,0,0,0,0,0,-1,0,1,5
2016-06-11,256,206,1.2,23.86,0,0,0.00,0,12,0.00,0,0,0.00,9,2,0,1,20,5.00,1,20,5.00,20,,,1,1,0,0,0,0,0,1,1,1,0,0,0,0,4
2016-06-12,319,215,1.5,30.93,0,0,0.00,0,13,0.00,0,0,0.00,0,1,0,3,10,30.00,2,10,20.00,10,,,1,1,0,0,0,0,0,0,0,0,0,0,0,0,5
2016-06-13,402,260,1.5,31.62,0,0,0.00,0,24,0.00,0,0,0.00,0,0,0,0,29,0.00,2,35,5.71,35,,,0,0,0,0,0,0,0,1,0,0,0,2,2,0,7
2016-06-14,425,265,1.6,32.84,0,0,0.00,0,20,0.00,0,0,0.00,0,1,0,0,13,0.00,1,13,7.69,13,,,1,1,0,0,0,0,0,0,1,1,0,1,1,0,7
2016-06-15,421,256,1.6,34.30,0,0,0.00,0,27,0.00,0,0,0.00,0,0,0,0,18,0.00,2,18,11.11,18,,,1,1,0,0,0,0,0,0,2,2,0,0,0,0,7
2016-06-16,322,213,1.5,30.66,0,0,0.00,0,11,0.00,0,0,0.00,0,0,0,1,11,9.09,2,11,18.18,11,,,0,0,0,0,0,0,0,0,1,1,0,0,0,0,5
2016-06-17,266,211,1.3,25.14,0,0,0.00,0,14,0.00,0,0,0.00,0,0,0,0,17,0.00,2,17,11.76,17,,,0,0,0,0,0,0,0,0,0,0,0,0,0,0,4
2016-06-18,230,190,1.2,23.49,0,0,0.00,0,20,0.00,0,0,0.00,0,0,0,0,12,0.00,1,12,8.33,12,,,2,2,0,0,0,0,0,0,2,3,1,0,0,0,4
2016-06-19,361,277,1.3,26.19,0,2,0.00,2,27,7.41,0,0,0.00,0,0,0,0,10,0.00,0,10,0.00,10,,,1,1,0,1,1,0,0,0,0,0,0,0,0,0,6
2016-06-20,275,201,1.4,26.54,0,0,0.00,0,30,0.00,0,0,0.00,0,0,0,0,22,0.00,0,23,0.00,23,,,0,0,0,0,0,0,0,0,1,1,0,0,0,0,5
2016-06-21,404,267,1.5,30.31,0,0,0.00,0,9,0.00,0,0,0.00,3,1,0,0,7,0.00,1,7,14.29,7,,,1,1,0,0,0,0,0,0,0,0,0,0,0,0,7
2016-06-22,356,209,1.7,34.95,0,3,0.00,1,16,6.25,0,0,0.00,0,1,0,4,12,33.33,1,12,8.33,12,,,5,5,0,0,0,0,0,0,1,1,0,0,0,0,6
2016-06-23,289,208,1.4,28.03,0,0,0.00,0,13,0.00,0,0,0.00,0,0,0,0,12,0.00,0,12,0.00,12,,,0,0,0,0,0,0,0,0,0,0,0,0,0,0,5
2016-06-24,242,173,1.4,26.74,0,0,0.00,0,11,0.00,0,0,0.00,2,2,0,0,14,0.00,1,14,7.14,14,,,0,0,0,1,1,0,0,0,-1,0,1,0,0,0,4
2016-06-25,277,192,1.4,28.90,0,0,0.00,0,12,0.00,0,0,0.00,0,0,0,0,22,0.00,0,22,0.00,22,,,2,2,0,0,0,0,0,0,0,0,0,1,1,0,5
2016-06-26,295,221,1.3,25.72,0,0,0.00,0,13,0.00,0,0,0.00,0,0,0,1,23,4.35,6,25,24.00,25,,,0,0,0,0,0,0,0,0,0,0,0,2,2,0,5
2016-06-27,287,210,1.4,28.36,0,1,0.00,1,15,6.67,0,0,0.00,0,0,0,0,27,0.00,1,27,3.70,27,,,1,1,0,0,0,0,0,0,0,0,0,0,0,0,5
2016-06-28,256,202,1.3,24.37,0,0,0.00,0,7,0.00,0,0,0.00,0,0,0,0,9,0.00,2,9,22.22,9,,,0,0,0,0,0,0,0,0,1,2,1,0,0,0,4
2016-06-29,273,202,1.4,26.00,2,4,50.00,2,31,6.45,0,0,0.00,7,1,0,0,16,0.00,0,16,0.00,16,,,0,0,0,0,0,0,0,0,0,0,0,-1,0,1,5
2016-06-30,479,269,1.8,35.42,0,0,0.00,0,9,0.00,0,0,0.00,0,1,0,0,9,0.00,1,10,10.00,10,,,4,4,0,0,0,0,1,0,0,0,0,0,0,0,8
2016-07-01,258,182,1.4,28.31,0,0,0.00,0,13,0.00,0,0,0.00,0,0,0,0,13,0.00,1,13,7.69,13,,,1,1,0,0,0,0,0,0,0,0,0,0,0,0,4
2016-07-02,183,154,1.2,23.98,0,0,0.00,0,12,0.00,0,0,0.00,1,1,0,0,10,0.00,0,12,0.00,12,,,0,0,0,0,0,0,0,0,0,0,0,-1,0,1,3
2016-07-03,299,204,1.5,28.26,0,0,0.00,0,18,0.00,0,0,0.00,0,0,0,0,7,0.00,0,7,0.00,7,,,0,1,1,2,2,0,0,0,0,0,0,-1,0,1,5
2016-07-04,267,220,1.2,24.27,0,0,0.00,0,9,0.00,0,0,0.00,0,0,0,0,6,0.00,1,6,16.67,6,,,0,0,0,0,0,0,0,0,1,1,0,0,0,0,4
2016-07-05,325,206,1.6,31.85,0,0,0.00,0,8,0.00,0,0,0.00,0,0,0,0,6,0.00,3,8,37.50,8,,,0,0,0,1,2,1,0,1,1,1,0,1,1,0,5
2016-07-06,222,172,1.3,26.09,0,2,0.00,0,18,0.00,0,0,0.00,0,0,0,0,9,0.00,1,9,11.11,9,,,0,0,0,1,1,0,0,0,0,0,0,0,0,0,4
2016-07-07,223,181,1.2,24.19,0,0,0.00,0,9,0.00,0,0,0.00,4,1,0,0,6,0.00,0,6,0.00,6,,,0,0,0,0,0,0,0,0,-1,0,1,0,0,0,4
2016-07-08,249,190,1.3,24.06,0,0,0.00,0,7,0.00,0,0,0.00,0,1,0,0,11,0.00,0,11,0.00,11,,,0,0,0,1,1,0,0,1,1,1,0,0,0,0,4
2016-07-09,223,189,1.2,23.20,0,0,0.00,0,6,0.00,0,0,0.00,0,1,0,0,4,0.00,1,4,25.00,4,,,0,0,0,0,0,0,0,0,0,0,0,-2,0,2,4
2016-07-10,277,208,1.3,26.43,1,2,50.00,1,22,4.55,0,0,0.00,0,0,0,1,19,5.26,0,19,0.00,19,,,0,0,0,0,0,0,0,0,0,0,0,1,2,1,5
2016-07-11,313,202,1.6,31.15,0,0,0.00,0,17,0.00,0,0,0.00,0,0,0,0,7,0.00,2,7,28.57,7,,,4,4,0,0,1,1,0,0,1,2,1,0,1,1,5
2016-07-12,383,235,1.6,31.13,0,2,0.00,1,15,6.67,0,0,0.00,1,1,0,1,8,12.50,2,8,25.00,8,,,0,0,0,0,0,0,0,1,0,0,0,0,0,0,6
2016-07-13,321,214,1.5,30.31,0,0,0.00,0,27,0.00,0,0,0.00,0,2,0,1,27,3.70,4,30,13.33,30,,,0,0,0,0,0,0,0,0,2,3,1,0,0,0,5
2016-07-14,281,203,1.4,26.51,0,0,0.00,0,4,0.00,0,0,0.00,0,0,0,0,21,0.00,2,21,9.52,21,,,0,0,0,0,0,0,0,0,0,0,0,0,0,0,5
2016-07-15,187,178,1.0,20.43,0,0,0.00,0,15,0.00,0,0,0.00,1,1,0,0,16,0.00,0,17,0.00,17,,,0,0,0,0,0,0,2,0,0,0,0,0,0,0,3
2016-07-16,226,169,1.3,24.48,0,0,0.00,0,7,0.00,0,0,0.00,0,0,0,0,17,0.00,1,17,5.88,17,,,0,0,0,0,0,0,0,0,0,0,0,0,0,0,4
2016-07-17,280,203,1.4,26.67,0,0,0.00,0,15,0.00,0,0,0.00,3,2,0,0,9,0.00,1,10,10.00,10,,,1,1,0,0,0,0,0,0,0,0,0,0,0,0,5
2016-07-18,394,245,1.6,33.49,0,0,0.00,0,21,0.00,0,0,0.00,0,0,0,0,16,0.00,0,16,0.00,16,,,0,0,0,0,0,0,0,0,0,0,0,1,1,0,7
2016-07-19,344,221,1.6,31.56,0,2,0.00,2,18,11.11,0,0,0.00,0,1,0,0,29,0.00,1,35,2.86,35,,,2,2,0,0,0,0,0,1,0,0,0,0,0,0,6
2016-07-20,226,169,1.3,24.35,0,0,0.00,0,12,0.00,0,0,0.00,0,0,0,0,10,0.00,1,10,10.00,10,,,0,0,0,0,0,0,0,0,0,1,1,0,0,0,4
2016-07-21,302,211,1.4,28.64,0,0,0.00,0,7,0.00,0,0,0.00,0,0,0,0,22,0.00,3,22,13.64,22,,,0,0,0,0,0,0,0,0,2,2,0,0,0,0,5
2016-07-22,272,193,1.4,27.58,0,0,0.00,0,21,0.00,0,0,0.00,1,1,0,0,33,0.00,3,33,9.09,33,,,0,0,0,0,0,0,0,0,2,2,0,0,0,0,5
2016-07-23,282,250,1.1,22.26,0,0,0.00,0,14,0.00,0,0,0.00,0,0,0,0,16,0.00,0,19,0.00,19,,,0,0,0,0,0,0,0,0,0,0,0,1,1,0,5
2016-07-24,244,194,1.3,26.23,0,3,0.00,1,3,33.33,0,0,0.00,1,1,0,0,3,0.00,0,3,0.00,3,,,0,0,0,0,0,0,0,0,0,0,0,1,1,0,4
2016-07-25,283,227,1.2,23.31,0,0,0.00,0,5,0.00,0,0,0.00,0,1,0,0,6,0.00,0,6,0.00,6,,,0,0,0,0,0,0,0,0,0,0,0,0,0,0,5
2016-07-26,332,226,1.5,29.18,0,0,0.00,0,12,0.00,0,0,0.00,0,0,0,0,18,0.00,1,18,5.56,18,,,0,0,0,0,0,0,0,0,6,6,0,1,1,0,6
2016-07-27,558,305,1.8,36.39,1,2,50.00,1,19,5.26,0,0,0.00,0,0,0,0,9,0.00,1,9,11.11,9,,,1,1,0,0,0,0,2,0,10,10,0,1,1,0,9
2016-07-28,320,228,1.4,27.25,0,0,0.00,0,9,0.00,0,0,0.00,0,1,0,0,6,0.00,1,6,16.67,6,,,0,0,0,0,0,0,0,0,0,0,0,1,1,0,5
2016-07-29,241,194,1.2,23.33,0,0,0.00,0,2,0.00,0,0,0.00,0,0,0,0,1,0.00,0,1,0.00,1,,,0,0,0,0,0,0,0,0,0,0,0,-1,0,1,4
2016-07-30,245,169,1.5,26.18,0,0,0.00,0,12,0.00,0,0,0.00,4,1,0,0,7,0.00,0,7,0.00,7,,,0,0,0,0,0,0,0,0,0,0,0,1,1,0,4
2016-07-31,307,229,1.3,26.72,0,0,0.00,0,7,0.00,0,0,0.00,0,3,0,1,16,6.25,1,16,6.25,16,,,0,0,0,1,1,0,0,0,0,0,0,0,0,0,5
2016-08-01,303,208,1.5,27.77,1,3,33.33,2,19,10.53,0,0,0.00,1,4,0,0,16,0.00,0,16,0.00,16,,,1,1,0,0,0,0,0,0,0,0,0,0,0,0,5
2016-08-02,299,222,1.3,27.62,0,0,0.00,0,15,0.00,0,0,0.00,0,1,0,0,19,0.00,1,19,5.26,19,,,1,1,0,0,0,0,0,0,0,0,0,1,1,0,5
2016-08-03,256,201,1.3,25.55,0,0,0.00,0,4,0.00,0,0,0.00,0,2,0,0,10,0.00,1,10,10.00,10,,,0,0,0,0,0,0,0,0,0,0,0,0,0,0,4
2016-08-04,296,234,1.3,26.61,0,2,0.00,1,14,7.14,0,0,0.00,0,1,0,0,18,0.00,2,18,11.11,18,,,1,1,0,0,0,0,0,0,0,0,0,0,0,0,5
2016-08-05,317,216,1.5,28.86,0,0,0.00,0,5,0.00,0,0,0.00,1,2,0,0,23,0.00,3,23,13.04,23,,,0,0,0,0,0,0,0,0,0,1,1,0,0,0,5
2016-08-06,271,175,1.5,31.95,0,0,0.00,0,11,0.00,0,0,0.00,0,0,0,0,11,0.00,1,11,9.09,11,,,1,1,0,0,1,1,1,0,0,0,0,0,0,0,5
2016-08-07,257,186,1.4,28.94,0,0,0.00,0,5,0.00,0,0,0.00,0,0,0,0,9,0.00,1,9,11.11,9,,,0,0,0,0,0,0,0,0,-1,0,1,0,0,0,4
2016-08-08,327,230,1.4,27.37,0,0,0.00,0,11,0.00,0,0,0.00,1,1,0,1,23,4.35,5,23,21.74,23,,,1,1,0,0,0,0,0,0,0,0,0,0,0,0,5
2016-08-09,348,278,1.3,24.55,0,0,0.00,0,10,0.00,0,0,0.00,0,3,0,0,12,0.00,0,12,0.00,12,,,0,0,0,0,0,0,0,0,1,1,0,0,0,0,6
2016-08-10,344,245,1.4,27.20,0,0,0.00,0,8,0.00,0,0,0.00,0,0,0,0,5,0.00,1,5,20.00,5,,,0,0,0,0,0,0,0,0,1,1,0,0,0,0,6
2016-08-11,325,233,1.4,28.01,0,0,0.00,0,10,0.00,0,0,0.00,0,0,0,0,5,0.00,0,5,0.00,5,,,1,1,0,0,0,0,0,0,0,0,0,0,0,0,5
2016-08-12,301,224,1.3,25.56,0,0,0.00,0,9,0.00,0,0,0.00,0,0,0,0,8,0.00,2,8,25.00,8,,,1,1,0,0,0,0,0,0,1,1,0,-1,0,1,5
2016-08-13,211,170,1.2,23.64,0,0,0.00,0,11,0.00,0,0,0.00,0,2,0,0,9,0.00,2,9,22.22,9,,,1,1,0,0,0,0,0,0,0,0,0,0,0,0,4
2016-08-14,205,163,1.3,25.86,0,0,0.00,0,8,0.00,0,0,0.00,0,0,0,0,9,0.00,1,9,11.11,9,,,0,0,0,1,2,1,0,0,0,0,0,1,1,0,3
2016-08-15,321,225,1.4,27.36,0,0,0.00,0,18,0.00,0,0,0.00,5,2,0,1,23,4.35,3,23,13.04,23,,,1,1,0,0,0,0,0,1,0,0,0,0,0,0,5
2016-08-16,299,225,1.3,25.88,0,0,0.00,0,6,0.00,0,0,0.00,0,0,0,0,6,0.00,2,6,33.33,6,,,0,0,0,0,0,0,0,0,0,0,0,0,0,0,5
2016-08-17,387,273,1.4,30.47,1,2,50.00,1,39,2.56,0,0,0.00,0,0,0,0,12,0.00,2,13,15.38,13,,,0,0,0,0,0,0,0,0,2,2,0,0,0,0,6
2016-08-18,360,261,1.4,28.07,1,2,50.00,1,38,2.63,0,0,0.00,0,1,0,1,25,4.00,3,26,11.54,26,,,3,3,0,0,0,0,0,0,0,0,0,1,2,1,6
2016-08-19,343,189,1.8,36.01,1,1,100.00,1,15,6.67,0,0,0.00,0,0,0,0,8,0.00,0,9,0.00,9,,,0,0,0,0,0,0,0,0,1,2,1,0,0,0,6
2016-08-20,206,157,1.3,26.98,0,0,0.00,0,5,0.00,0,0,0.00,0,0,0,0,9,0.00,1,9,11.11,9,,,0,0,0,1,1,0,0,0,0,0,0,-1,0,1,3
2016-08-21,407,245,1.7,35.35,0,0,0.00,0,31,0.00,0,0,0.00,0,0,0,0,32,0.00,3,32,9.38,32,,,1,1,0,0,0,0,0,0,1,1,0,1,1,0,7
2016-08-22,297,205,1.5,29.28,0,0,0.00,0,8,0.00,0,0,0.00,0,0,0,0,5,0.00,0,5,0.00,5,,,0,0,0,0,0,0,0,0,0,0,0,0,0,0,5
2016-08-23,332,217,1.5,32.21,0,0,0.00,0,15,0.00,0,0,0.00,1,2,0,0,13,0.00,2,13,15.38,13,,,1,1,0,2,2,0,0,0,0,0,0,0,0,0,6
2016-08-24,249,182,1.4,28.20,0,0,0.00,0,14,0.00,0,0,0.00,0,2,0,0,7,0.00,0,7,0.00,7,,,0,0,0,1,1,0,0,0,0,1,1,0,0,0,4
2016-08-25,302,196,1.5,28.21,0,0,0.00,0,5,0.00,0,0,0.00,1,1,0,1,12,8.33,4,12,33.33,12,,,0,0,0,0,0,0,0,0,12,13,1,0,0,0,5
2016-08-26,271,180,1.5,29.96,0,0,0.00,0,8,0.00,0,0,0.00,1,2,0,0,8,0.00,3,8,37.50,8,,,0,0,0,0,0,0,0,0,2,2,0,1,1,0,5
2016-08-27,304,192,1.6,31.39,0,0,0.00,0,9,0.00,0,0,0.00,0,0,0,0,8,0.00,1,9,11.11,9,,,0,0,0,0,0,0,0,0,1,1,0,0,0,0,5
2016-08-28,303,193,1.6,31.53,0,0,0.00,0,10,0.00,0,0,0.00,1,3,0,0,21,0.00,5,21,23.81,21,1,1,1,1,0,0,0,0,0,0,0,1,1,0,0,0,5
2016-08-29,296,237,1.2,24.97,0,0,0.00,0,4,0.00,0,0,0.00,0,0,0,1,17,5.88,1,17,5.88,17,,,0,0,0,0,0,0,0,0,-1,0,1,0,0,0,5
2016-08-30,333,220,1.5,30.54,0,0,0.00,0,12,0.00,0,0,0.00,0,0,0,1,13,7.69,0,14,0.00,14,,,0,0,0,0,0,0,0,0,0,3,3,1,1,0,6
2016-08-31,412,244,1.7,34.96,0,0,0.00,0,3,0.00,0,0,0.00,0,0,0,0,19,0.00,0,19,0.00,19,,,0,0,0,0,0,0,0,0,0,0,0,0,0,0,7
2016-09-01,277,206,1.3,26.48,0,0,0.00,0,8,0.00,0,0,0.00,0,1,0,0,13,0.00,3,13,23.08,13,,,0,0,0,0,0,0,0,0,1,1,0,0,0,0,5
2016-09-02,295,221,1.3,25.93,0,0,0.00,0,6,0.00,0,0,0.00,0,1,0,0,0,0.00,0,0,0.00,0,,,1,2,1,0,0,0,0,0,0,1,1,-1,0,1,5
2016-09-03,273,208,1.3,26.22,0,0,0.00,0,10,0.00,0,0,0.00,2,1,0,0,9,0.00,0,9,0.00,9,,,1,1,0,0,0,0,0,0,0,0,0,0,0,0,5
2016-09-04,309,222,1.4,28.51,0,0,0.00,0,11,0.00,0,0,0.00,0,0,0,1,10,10.00,0,10,0.00,10,,,0,0,0,1,1,0,0,0,1,1,0,1,1,0,5
2016-09-05,354,230,1.5,31.76,0,0,0.00,0,7,0.00,0,0,0.00,0,0,0,3,20,15.00,1,20,5.00,20,,,2,2,0,1,1,0,0,0,0,0,0,0,0,0,6
2016-09-06,263,237,1.1,23.76,0,0,0.00,0,5,0.00,0,0,0.00,0,0,0,0,8,0.00,1,8,12.50,8,,,0,0,0,0,0,0,0,0,0,2,2,0,0,0,4
2016-09-07,236,192,1.2,25.78,0,0,0.00,0,13,0.00,0,0,0.00,0,1,0,1,13,7.69,2,13,15.38,13,,,0,0,0,0,0,0,0,1,0,0,0,0,0,0,4
2016-09-08,311,221,1.4,26.71,0,0,0.00,0,17,0.00,0,0,0.00,1,2,0,0,10,0.00,1,10,10.00,10,,,0,0,0,0,0,0,0,0,0,0,0,0,0,0,5
2016-09-09,285,202,1.4,26.27,0,0,0.00,0,11,0.00,0,0,0.00,0,1,0,0,10,0.00,5,10,50.00,10,,,0,0,0,0,0,0,0,0,0,0,0,1,1,0,5
2016-09-10,238,191,1.2,23.09,0,0,0.00,0,4,0.00,0,0,0.00,0,1,0,0,6,0.00,0,6,0.00,6,,,1,1,0,0,0,0,0,0,-1,0,1,0,0,0,4
2016-09-11,290,209,1.4,28.69,0,2,0.00,1,9,11.11,0,0,0.00,0,0,0,0,9,0.00,0,9,0.00,9,,,0,0,0,1,1,0,1,0,0,0,0,0,1,1,5
2016-09-12,307,223,1.4,26.01,0,0,0.00,0,22,0.00,0,0,0.00,2,3,0,0,19,0.00,1,19,5.26,19,,,1,1,0,0,0,0,0,1,1,1,0,0,0,0,5
2016-09-13,236,186,1.3,24.24,0,0,0.00,0,19,0.00,0,0,0.00,2,3,0,0,17,0.00,2,17,11.76,17,,,0,0,0,0,0,0,0,0,-1,0,1,0,0,0,4
2016-09-14,348,236,1.5,29.62,0,0,0.00,0,5,0.00,0,0,0.00,0,0,0,0,5,0.00,0,5,0.00,5,,,0,0,0,0,0,0,0,0,1,1,0,1,1,0,6
2016-09-15,268,215,1.2,24.79,0,0,0.00,0,16,0.00,0,0,0.00,0,0,0,0,10,0.00,2,10,20.00,10,,,0,0,0,0,0,0,0,0,0,0,0,0,0,0,4
2016-09-16,271,228,1.2,23.95,0,0,0.00,0,16,0.00,0,0,0.00,0,0,0,0,14,0.00,2,14,14.29,14,,,1,1,0,0,0,0,0,1,1,1,0,0,0,0,5
2016-09-17,231,183,1.3,25.90,0,0,0.00,0,12,0.00,0,0,0.00,0,0,0,0,2,0.00,0,2,0.00,2,,,0,0,0,0,0,0,0,0,1,1,0,0,0,0,4
2016-09-18,322,231,1.4,28.80,0,0,0.00,0,8,0.00,0,0,0.00,0,1,0,0,10,0.00,5,10,50.00,10,,,1,1,0,0,0,0,0,0,-1,0,1,0,0,0,5
2016-09-19,320,244,1.3,25.75,0,0,0.00,0,23,0.00,0,0,0.00,0,1,0,0,22,0.00,2,22,9.09,22,,,0,0,0,0,0,0,1,0,0,0,0,-1,0,1,5
2016-09-20,346,240,1.4,28.38,0,0,0.00,0,11,0.00,0,0,0.00,0,0,0,0,10,0.00,0,10,0.00,10,,,1,1,0,0,0,0,1,0,2,2,0,1,1,0,6
2016-09-21,373,246,1.5,31.64,0,0,0.00,0,20,0.00,0,0,0.00,0,1,0,4,16,25.00,0,16,0.00,16,,,2,2,0,0,0,0,0,0,3,3,0,0,0,0,6
2016-09-22,268,195,1.4,26.18,0,0,0.00,0,12,0.00,0,0,0.00,0,0,0,0,19,0.00,1,19,5.26,19,,,0,0,0,0,0,0,0,0,0,0,0,0,0,0,4
2016-09-23,279,185,1.5,29.52,0,0,0.00,0,8,0.00,0,0,0.00,0,0,0,0,7,0.00,0,7,0.00,7,,,0,0,0,0,0,0,0,0,6,6,0,0,1,1,5
2016-09-24,220,197,1.1,23.02,0,0,0.00,0,8,0.00,0,0,0.00,1,2,0,0,10,0.00,1,10,10.00,10,,,0,0,0,0,0,0,0,0,0,0,0,0,0,0,4
2016-09-25,301,218,1.4,26.35,0,0,0.00,0,3,0.00,0,0,0.00,0,0,0,0,7,0.00,1,7,14.29,7,,,1,1,0,0,0,0,0,0,1,1,0,2,2,0,5
2016-09-26,362,263,1.4,28.26,0,0,0.00,0,21,0.00,0,0,0.00,0,0,0,1,17,5.88,1,18,5.56,18,,,1,1,0,1,1,0,0,0,1,1,0,-1,0,1,6
2016-09-27,365,244,1.5,30.29,0,0,0.00,0,32,0.00,0,0,0.00,0,0,0,2,42,4.76,1,42,2.38,42,,,1,1,0,0,0,0,0,1,0,0,0,1,1,0,6
2016-09-28,355,256,1.4,30.35,0,0,0.00,0,29,0.00,0,0,0.00,0,0,0,0,17,0.00,0,17,0.00,17,,,0,0,0,0,0,0,0,0,0,0,0,0,0,0,6
2016-09-29,359,258,1.4,26.32,0,0,0.00,0,22,0.00,0,0,0.00,0,0,0,0,22,0.00,0,22,0.00,22,1,1,0,2,2,0,0,0,0,0,11,11,0,0,1,1,6
2016-09-30,333,244,1.4,26.87,0,0,0.00,0,26,0.00,0,0,0.00,0,0,0,0,12,0.00,7,12,58.33,12,,,0,0,0,0,0,0,0,0,-1,0,1,0,0,0,6
2016-10-01,231,183,1.3,24.48,0,0,0.00,0,10,0.00,0,0,0.00,0,0,0,0,6,0.00,0,6,0.00,6,,,1,1,0,0,0,0,0,1,0,0,0,0,0,0,4
2016-10-02,442,294,1.5,31.42,0,0,0.00,0,34,0.00,0,0,0.00,0,1,0,0,24,0.00,2,26,7.69,26,,,0,0,0,0,0,0,0,0,0,0,0,0,0,0,7
2016-10-03,395,292,1.4,27.49,0,0,0.00,0,19,0.00,0,0,0.00,0,0,0,0,11,0.00,0,11,0.00,11,,,0,0,0,1,1,0,0,0,1,1,0,1,1,0,7
2016-10-04,303,255,1.2,23.98,0,0,0.00,0,18,0.00,0,0,0.00,0,0,0,0,9,0.00,0,9,0.00,9,,,0,0,0,0,0,0,0,0,0,0,0,-1,0,1,5
2016-10-05,316,262,1.2,24.24,1,2,50.00,1,29,3.45,0,0,0.00,0,1,0,1,19,5.26,2,19,10.53,19,,,0,0,0,0,0,0,0,0,0,0,0,1,1,0,5
2016-10-06,330,269,1.2,24.95,0,0,0.00,0,30,0.00,0,0,0.00,0,0,0,0,12,0.00,0,14,0.00,14,,,0,0,0,0,0,0,1,0,0,0,0,0,0,0,5
2016-10-07,281,226,1.2,25.22,0,0,0.00,0,12,0.00,0,0,0.00,1,1,0,0,12,0.00,1,12,8.33,12,,,0,0,0,0,0,0,0,0,0,0,0,0,0,0,5
2016-10-08,259,195,1.3,26.53,0,0,0.00,0,11,0.00,0,0,0.00,0,1,0,0,7,0.00,1,7,14.29,7,,,0,0,0,0,0,0,0,0,0,0,0,0,0,0,4
2016-10-09,353,241,1.5,30.42,0,0,0.00,0,24,0.00,0,0,0.00,0,0,0,0,12,0.00,1,12,8.33,12,,,0,0,0,0,0,0,0,0,-1,0,1,1,1,0,6
2016-10-10,386,255,1.5,32.15,0,0,0.00,0,27,0.00,0,0,0.00,0,1,0,0,24,0.00,4,24,16.67,24,,,1,1,0,0,0,0,0,0,0,0,0,-1,0,1,6
2016-10-11,317,243,1.3,27.25,0,2,0.00,1,21,4.76,0,0,0.00,0,1,0,0,15,0.00,2,19,10.53,19,,,2,2,0,0,0,0,0,0,0,0,0,0,0,0,5
2016-10-12,520,401,1.3,24.23,0,0,0.00,0,15,0.00,0,0,0.00,0,0,0,0,24,0.00,4,24,16.67,24,2,2,2,3,1,1,1,0,0,1,7,9,2,1,1,0,9
2016-10-13,428,298,1.4,28.52,0,2,0.00,1,25,4.00,0,0,0.00,0,1,0,0,14,0.00,3,14,21.43,14,,,1,1,0,0,0,0,1,0,6,6,0,-2,0,2,7
2016-10-14,336,223,1.5,31.54,0,0,0.00,0,9,0.00,0,0,0.00,0,0,0,1,8,12.50,1,8,12.50,8,,,0,0,0,0,0,0,0,0,0,0,0,1,1,0,6
2016-10-15,318,267,1.2,24.21,0,2,0.00,1,8,12.50,0,0,0.00,0,1,0,0,18,0.00,6,19,31.58,19,,,0,0,0,0,0,0,1,0,0,0,0,0,0,0,5
2016-10-16,527,341,1.5,31.15,0,0,0.00,0,9,0.00,0,0,0.00,0,0,0,1,17,5.88,0,17,0.00,17,,,1,1,0,0,0,0,0,0,1,1,0,-1,0,1,9
2016-10-17,373,308,1.2,23.44,0,0,0.00,0,14,0.00,0,0,0.00,0,1,0,1,11,9.09,1,11,9.09,11,1,1,0,0,0,0,0,0,0,0,5,7,2,0,1,1,6
2016-10-18,396,307,1.3,25.32,0,0,0.00,0,5,0.00,0,0,0.00,6,1,0,0,7,0.00,2,8,25.00,8,,,0,0,0,0,0,0,0,0,1,1,0,0,0,0,7
2016-10-19,574,325,1.8,36.36,0,0,0.00,0,22,0.00,0,0,0.00,0,0,0,4,24,16.67,1,25,4.00,25,,,2,3,1,1,1,0,0,1,1,1,0,2,2,0,10
2016-10-20,392,260,1.5,30.29,1,2,50.00,1,13,7.69,0,0,0.00,0,0,0,0,10,0.00,1,10,10.00,10,,,0,0,0,1,1,0,0,0,0,0,0,0,0,0,7
2016-10-21,412,266,1.5,31.49,0,0,0.00,0,13,0.00,0,0,0.00,4,2,0,1,13,7.69,0,13,0.00,13,,,0,0,0,0,0,0,0,0,0,0,0,0,0,0,7
2016-10-22,306,217,1.4,27.83,0,0,0.00,0,5,0.00,0,0,0.00,1,1,0,0,8,0.00,0,8,0.00,8,,,0,0,0,0,0,0,0,0,1,1,0,0,0,0,5
2016-10-23,370,269,1.4,25.98,0,0,0.00,0,15,0.00,0,0,0.00,0,0,0,4,34,11.76,4,34,11.76,34,,,2,2,0,0,0,0,0,0,8,8,0,0,0,0,6
2016-10-24,341,271,1.3,24.37,0,0,0.00,0,10,0.00,0,0,0.00,0,1,0,0,18,0.00,5,18,27.78,18,1,1,3,3,0,0,0,0,0,0,11,12,1,1,1,0,6
2016-10-25,342,266,1.3,26.35,0,0,0.00,0,24,0.00,0,0,0.00,0,0,0,0,25,0.00,2,26,7.69,26,,,0,0,0,0,0,0,0,0,1,1,0,0,0,0,6
2016-10-26,366,271,1.4,26.42,0,0,0.00,0,14,0.00,0,0,0.00,1,2,0,0,8,0.00,1,8,12.50,8,,,1,1,0,1,1,0,0,0,0,0,0,0,0,0,6
2016-10-27,341,283,1.2,23.89,0,0,0.00,0,32,0.00,0,0,0.00,1,1,0,2,8,25.00,3,8,37.50,8,,,2,2,0,1,1,0,0,0,-1,0,1,0,0,0,6
2016-10-28,396,295,1.3,22.54,0,0,0.00,0,10,0.00,0,0,0.00,0,0,0,0,6,0.00,1,6,16.67,6,1,1,0,0,0,0,0,0,0,1,18,19,1,0,0,0,7
2016-10-29,320,236,1.4,22.95,0,0,0.00,0,9,0.00,0,0,0.00,0,0,0,0,7,0.00,0,7,0.00,7,,,2,2,0,0,0,0,0,0,34,34,0,0,0,0,5
2016-10-30,403,293,1.4,25.37,0,0,0.00,0,6,0.00,0,0,0.00,0,2,0,0,8,0.00,0,8,0.00,8,,,1,1,0,0,0,0,0,0,0,0,0,0,0,0,7
2016-10-31,364,272,1.3,26.44,0,0,0.00,0,14,0.00,0,0,0.00,0,0,0,0,16,0.00,0,16,0.00,16,,,0,0,0,0,0,0,0,0,3,3,0,-1,0,1,6
2016-11-01,392,289,1.4,26.48,0,0,0.00,0,24,0.00,0,0,0.00,0,0,0,0,7,0.00,1,7,14.29,7,,,0,0,0,0,0,0,0,0,10,10,0,1,1,0,7
2016-11-02,454,279,1.6,32.68,0,0,0.00,0,13,0.00,0,0,0.00,3,1,0,0,10,0.00,0,10,0.00,10,,,0,0,0,0,0,0,0,0,0,0,0,-2,0,2,8
2016-11-03,418,259,1.6,31.47,0,0,0.00,0,18,0.00,0,0,0.00,0,0,0,0,16,0.00,0,16,0.00,16,,,1,1,0,1,1,0,0,0,0,0,0,1,1,0,7
2016-11-04,364,253,1.4,29.72,0,0,0.00,0,13,0.00,0,0,0.00,0,0,0,0,8,0.00,0,8,0.00,8,,,1,1,0,0,0,0,0,0,19,19,0,0,0,0,6
2016-11-05,348,255,1.4,28.45,0,0,0.00,0,7,0.00,0,0,0.00,6,1,0,3,22,13.64,1,22,4.55,22,,,1,1,0,1,1,0,0,0,-1,0,1,-1,0,1,6
2016-11-06,509,371,1.4,28.16,0,0,0.00,0,15,0.00,0,0,0.00,0,2,0,0,9,0.00,1,9,11.11,9,,,1,1,0,1,1,0,0,0,-1,0,1,2,2,0,8
2016-11-07,401,274,1.5,31.41,0,0,0.00,0,18,0.00,0,0,0.00,0,0,0,0,6,0.00,1,6,16.67,6,,,0,0,0,1,1,0,1,0,0,0,0,0,0,0,7
2016-11-08,433,303,1.4,27.76,0,2,0.00,1,28,3.57,0,0,0.00,0,1,0,0,11,0.00,2,11,18.18,11,1,1,2,3,1,0,0,0,0,0,3,4,1,-1,0,1,7
2016-11-09,356,284,1.3,25.32,0,0,0.00,0,29,0.00,0,0,0.00,0,0,0,1,18,5.56,1,18,5.56,18,,,0,0,0,0,0,0,0,0,0,1,1,0,0,0,6
2016-11-10,346,271,1.3,25.87,0,0,0.00,0,25,0.00,0,0,0.00,1,1,0,0,10,0.00,2,10,20.00,10,,,0,0,0,0,0,0,0,0,7,7,0,0,0,0,6
2016-11-11,321,274,1.2,23.67,0,0,0.00,0,17,0.00,0,0,0.00,0,0,0,0,25,0.00,2,25,8.00,25,,,0,0,0,0,0,0,0,0,-2,0,2,0,0,0,5
2016-11-12,427,298,1.4,30.24,0,0,0.00,0,11,0.00,0,0,0.00,0,0,0,0,32,0.00,0,32,0.00,32,,,0,0,0,1,1,0,1,0,0,0,0,0,0,0,7
2016-11-13,366,260,1.4,28.58,0,0,0.00,0,12,0.00,0,0,0.00,0,0,0,0,17,0.00,4,17,23.53,17,,,1,1,0,0,0,0,0,0,1,1,0,0,1,1,6
2016-11-14,354,270,1.3,26.70,0,0,0.00,0,28,0.00,0,0,0.00,0,0,0,2,17,11.76,1,17,5.88,17,,,0,0,0,0,0,0,0,0,1,1,0,-1,0,1,6
2016-11-15,380,274,1.4,28.25,0,2,0.00,1,16,6.25,0,0,0.00,0,0,0,0,13,0.00,4,13,30.77,13,,,0,0,0,0,0,0,0,0,0,0,0,1,1,0,6
2016-11-16,346,269,1.3,26.15,0,0,0.00,0,26,0.00,0,0,0.00,0,0,0,0,12,0.00,0,12,0.00,12,,,2,2,0,0,0,0,0,0,1,1,0,1,1,0,6
2016-11-17,453,303,1.5,31.17,0,0,0.00,0,25,0.00,0,0,0.00,1,3,0,0,17,0.00,5,17,29.41,17,,,0,0,0,0,0,0,0,0,0,0,0,1,1,0,8
2016-11-18,322,237,1.4,27.47,0,0,0.00,0,7,0.00,0,0,0.00,0,0,0,0,7,0.00,2,7,28.57,7,,,0,0,0,0,0,0,0,0,0,0,0,1,1,0,5
2016-11-19,272,220,1.2,26.14,0,0,0.00,0,5,0.00,0,0,0.00,0,0,0,0,5,0.00,1,5,20.00,5,,,0,0,0,1,1,0,1,0,9,9,0,-1,0,1,5
2016-11-20,290,238,1.2,24.68,0,0,0.00,0,18,0.00,0,0,0.00,0,0,0,0,9,0.00,0,9,0.00,9,,,0,0,0,0,0,0,0,0,0,0,0,0,0,0,5
2016-11-21,355,287,1.2,26.24,0,0,0.00,0,17,0.00,0,0,0.00,0,2,0,0,13,0.00,4,13,30.77,13,,,1,1,0,0,0,0,0,0,1,2,1,2,2,0,6
2016-11-22,399,277,1.4,26.67,0,2,0.00,1,12,8.33,0,0,0.00,4,1,0,3,9,33.33,0,9,0.00,9,,,2,2,0,0,0,0,0,0,0,0,0,2,2,0,7
2016-11-23,404,261,1.5,29.70,0,0,0.00,0,21,0.00,0,0,0.00,1,2,0,0,10,0.00,0,10,0.00,10,,,1,1,0,0,0,0,0,0,0,0,0,0,0,0,7
2016-11-24,330,243,1.4,27.76,0,0,0.00,0,12,0.00,0,0,0.00,2,1,0,0,3,0.00,0,3,0.00,3,,,0,0,0,0,0,0,0,0,0,0,0,0,0,0,5
2016-11-25,280,203,1.4,27.97,0,0,0.00,0,12,0.00,0,0,0.00,0,0,0,0,7,0.00,0,7,0.00,7,,,2,2,0,0,0,0,0,0,0,0,0,1,1,0,5
2016-11-26,312,224,1.4,27.43,0,0,0.00,0,11,0.00,0,0,0.00,2,1,0,2,7,28.57,1,7,14.29,7,,,0,0,0,1,1,0,0,0,0,0,0,0,0,0,5
2016-11-27,299,238,1.3,25.51,0,0,0.00,0,11,0.00,0,0,0.00,0,0,0,0,6,0.00,1,6,16.67,6,,,0,0,0,0,0,0,0,0,0,0,0,0,0,0,5
2016-11-28,425,268,1.6,34.61,0,0,0.00,0,27,0.00,0,0,0.00,0,0,0,0,7,0.00,1,8,12.50,8,,,0,0,0,0,0,0,0,0,2,3,1,1,1,0,7
2016-11-29,394,282,1.4,28.47,0,2,0.00,1,13,7.69,0,0,0.00,2,3,0,0,17,0.00,1,17,5.88,17,,,2,2,0,0,0,0,0,0,-1,0,1,0,0,0,7
2016-11-30,315,234,1.3,27.53,0,0,0.00,0,8,0.00,0,0,0.00,0,0,0,0,18,0.00,0,18,0.00,18,,,0,0,0,0,0,0,0,0,0,0,0,-1,0,1,5
2016-12-01,304,253,1.2,26.57,0,0,0.00,0,14,0.00,0,0,0.00,1,2,0,0,6,0.00,3,6,50.00,6,,,1,1,0,0,0,0,0,0,0,0,0,1,1,0,5
2016-12-02,272,218,1.2,26.32,0,0,0.00,0,20,0.00,0,0,0.00,0,0,0,1,8,12.50,0,8,0.00,8,,,0,0,0,0,0,0,0,0,1,1,0,0,0,0,5
2016-12-03,398,230,1.7,33.53,0,0,0.00,0,8,0.00,0,0,0.00,0,0,0,2,9,22.22,1,9,11.11,9,,,1,1,0,0,0,0,0,1,0,0,0,2,2,0,7
2016-12-04,306,238,1.3,26.11,0,2,0.00,1,14,7.14,0,0,0.00,0,0,0,0,14,0.00,0,14,0.00,14,,,0,0,0,0,0,0,1,0,0,0,0,1,1,0,5
2016-12-05,391,247,1.6,32.37,0,0,0.00,0,12,0.00,0,0,0.00,5,2,0,0,8,0.00,2,8,25.00,8,,,0,0,0,0,0,0,0,0,0,0,0,0,0,0,7
2016-12-06,332,259,1.3,26.76,0,0,0.00,0,20,0.00,0,0,0.00,0,0,0,0,18,0.00,0,18,0.00,18,,,0,0,0,0,0,0,0,0,0,0,0,0,0,0,6
2016-12-07,463,281,1.6,35.96,0,4,0.00,3,28,10.71,0,0,0.00,0,1,0,0,19,0.00,3,19,15.79,19,,,0,0,0,1,1,0,0,0,1,1,0,0,0,0,8
2016-12-08,388,245,1.6,32.15,0,0,0.00,0,22,0.00,0,0,0.00,0,0,0,0,6,0.00,1,6,16.67,6,,,2,2,0,0,0,0,0,0,0,0,0,0,0,0,6
2016-12-09,404,255,1.6,35.77,0,0,0.00,0,28,0.00,0,0,0.00,0,0,0,0,12,0.00,1,13,7.69,13,,,0,0,0,0,0,0,0,0,0,0,0,0,0,0,7
2016-12-10,266,191,1.4,27.66,0,0,0.00,0,8,0.00,0,0,0.00,0,0,0,0,11,0.00,0,12,0.00,12,,,0,0,0,0,0,0,0,0,0,0,0,1,1,0,4
2016-12-11,430,265,1.6,32.32,0,0,0.00,0,15,0.00,0,0,0.00,0,2,0,0,13,0.00,1,14,7.14,14,,,0,0,0,1,1,0,0,0,0,0,0,0,0,0,7
2016-12-12,359,271,1.3,28.47,0,0,0.00,0,15,0.00,0,0,0.00,2,1,0,0,9,0.00,1,9,11.11,9,,,0,0,0,0,0,0,0,0,0,0,0,0,0,0,6
2016-12-13,477,269,1.8,36.59,0,0,0.00,0,12,0.00,0,0,0.00,0,0,0,0,8,0.00,4,9,44.44,9,,,2,2,0,0,0,0,0,0,1,1,0,0,0,0,8
2016-12-14,319,268,1.2,24.76,0,0,0.00,0,32,0.00,0,0,0.00,1,1,0,0,11,0.00,1,11,9.09,11,,,1,1,0,0,0,0,0,0,-2,0,2,0,0,0,5
2016-12-15,301,240,1.3,25.80,0,0,0.00,0,18,0.00,0,0,0.00,5,2,0,1,16,6.25,4,16,25.00,16,,,0,0,0,0,0,0,0,0,-7,1,8,0,0,0,5
2016-12-16,303,216,1.4,28.58,0,0,0.00,0,13,0.00,0,0,0.00,0,0,0,0,10,0.00,3,11,27.27,11,,,0,0,0,0,0,0,0,0,0,0,0,0,0,0,5
2016-12-17,270,219,1.2,23.97,0,0,0.00,0,14,0.00,0,0,0.00,1,1,0,0,6,0.00,1,6,16.67,6,,,0,0,0,0,0,0,0,0,0,0,0,-2,0,2,5
2016-12-18,390,301,1.3,28.02,0,0,0.00,0,20,0.00,0,0,0.00,1,2,0,1,18,5.56,1,18,5.56,18,,,2,2,0,0,0,0,0,0,0,0,0,2,2,0,6
2016-12-19,300,252,1.2,24.33,0,1,0.00,1,30,3.33,0,0,0.00,2,2,0,0,7,0.00,1,7,14.29,7,,,1,1,0,0,0,0,1,1,0,0,0,-1,0,1,5
2016-12-20,285,222,1.3,27.14,0,0,0.00,0,11,0.00,0,0,0.00,0,0,0,0,6,0.00,3,6,50.00,6,,,0,0,0,0,0,0,0,0,0,0,0,0,0,0,5
2016-12-21,296,240,1.2,25.34,0,0,0.00,0,19,0.00,0,0,0.00,0,0,0,0,8,0.00,0,8,0.00,8,,,0,0,0,0,0,0,0,0,0,0,0,1,1,0,5
2016-12-22,309,207,1.5,31.38,0,0,0.00,0,7,0.00,0,0,0.00,0,1,0,0,8,0.00,1,8,12.50,8,,,0,0,0,0,0,0,0,0,0,0,0,0,0,0,5
2016-12-23,300,171,1.8,34.48,0,2,0.00,1,14,7.14,0,0,0.00,0,0,0,0,19,0.00,1,19,5.26,19,,,0,0,0,1,1,0,0,0,0,0,0,0,1,1,5
2016-12-24,136,110,1.2,25.40,0,0,0.00,0,9,0.00,0,0,0.00,0,0,0,0,0,0.00,0,0,0.00,0,,,1,1,0,0,0,0,0,0,1,1,0,0,0,0,2
2016-12-25,189,147,1.3,25.28,0,0,0.00,0,4,0.00,0,0,0.00,0,0,0,0,7,0.00,3,7,42.86,7,,,0,0,0,0,0,0,0,0,-1,1,2,1,1,0,3
2016-12-26,336,226,1.5,29.03,0,0,0.00,0,2,0.00,0,0,0.00,0,0,0,1,14,7.14,1,14,7.14,14,,,0,0,0,0,1,1,0,0,0,0,0,0,0,0,6
2016-12-27,329,218,1.5,29.81,0,3,0.00,1,7,14.29,0,0,0.00,0,0,0,0,7,0.00,1,7,14.29,7,,,0,0,0,0,0,0,0,0,1,1,0,0,0,0,5
2016-12-28,247,186,1.3,27.60,0,0,0.00,0,9,0.00,0,0,0.00,0,0,0,0,4,0.00,1,4,25.00,4,,,0,0,0,0,0,0,0,0,0,0,0,0,0,0,4
2016-12-29,281,194,1.5,27.43,0,0,0.00,0,8,0.00,0,0,0.00,0,0,0,0,6,0.00,0,6,0.00,6,,,0,0,0,0,0,0,0,0,1,1,0,0,0,0,5
2016-12-30,234,184,1.3,25.54,0,0,0.00,0,8,0.00,0,0,0.00,0,0,0,1,13,7.69,1,13,7.69,13,,,1,1,0,0,0,0,0,0,-1,0,1,1,1,0,4
2016-12-31,216,142,1.5,30.74,0,0,0.00,0,8,0.00,0,0,0.00,0,0,0,0,9,0.00,1,10,10.00,10,,,0,0,0,1,1,0,0,1,0,0,0,0,0,0,4
